LAX,380,378.55,399.16,391.31,407.25,377.36,417.96,398.13,409.82,398.58,408.64,422.58,414.88,396.06,430.67,424.48,434.92,411.42,419.54,389.12,383.48,361.85,357.44,347.63,358.71,341.00,365.57
ORD,390,388.95,382.13,370.96,373.97,379.33,392.50,315.72,388.46,391.19,388.91,335.05,328.11,413.32,379.58,338.00,405.14,389.30,378.26,342.11,332.64,338.31,314.45,308.14,313.45,323.80,324.54
ATL,350,347.38,375.79,315.55,328.7,365.41,366.55,379.48,320.95,321.17,323.72,412.34,410.62,334.47,416.11,424.51,336.37,337.20,399.67,323.53,311.10,373.26,350.74,344.71,339.43,353.65,355.13
DEN,315,315.92,317.77,359.74,378.08,320.96,326.14,347.97,360.76,373.76,383.05,431.26,399.10,404.58,420.10,437.32,455.29,390.65,441.81,381.72,418.82,367.32,403.39,381.49,401.34,308.04,297.41
BOS,360,360.27,361.9,400.73,353.42,392.29,425.67,400.10,423.67,378.75,429.38,420.07,433.68,373.98,337.73,439.32,418.75,423.23,390.06,423.82,362.85,326.10,309.67,307.03,307.51,338.89,405.95
SFO,345,345.2,415.89,406.57,418.73,377.89,382.93,419.35,371.90,359.24,375.68,367.53,376.60,406.03,440.60,425.89,390.76,425.28,338.05,360.65,366.40,397.63,350.67,319.90,342.16,387.93,349.44
DFW,385,383.18,414.73,342.99,420.88,394.06,449.76,333.57,354.56,413.89,416.83,371.16,409.51,425.44,435.34,383.95,388.28,439.32,374.29,364.78,367.25,337.83,335.11,338.87,338.79,390.02,345.07
SEA,385,386.31,369.95,368.26,367.9,359.65,365.76,363.63,406.67,418.40,362.47,431.81,389.62,427.86,398.17,377.14,412.42,365.95,408.19,363.99,347.62,402.53,347.81,345.68,417.13,326.09,371.18
LGA,430,431.15,354.67,340.61,396.23,449.42,391.65,388.32,390.97,415.82,381.43,383.25,383.16,368.64,382.12,441.71,402.16,445.60,385.38,357.10,351.66,351.52,330.94,320.41,351.78,383.59,411.11
JFK,350,348.99,396.85,387.2,361.3,367.14,405.52,386.25,405.05,373.16,398.29,417.14,434.60,383.06,434.12,398.08,447.32,387.35,436.00,430.84,416.59,336.43,427.75,394.96,330.26,371.11,399.94
PHX,415,413.21,326.69,316.6,324.23,454.39,342.15,323.32,333.97,449.10,346.86,491.37,348.36,430.55,491.42,505.77,354.80,473.26,478.39,478.87,458.66,449.14,388.65,427.90,399.02,381.55,325.97
EWR,320,321.1,469.31,314.12,321.95,326.75,480.26,316.08,387.29,485.79,474.64,362.77,498.71,482.12,367.88,363.32,488.78,423.58,359.47,342.45,338.03,415.71,333.80,223.49,316.00,311.17,335.66
BWI,365,366.03,334.31,467.03,382.32,470.78,335.27,471.67,485.18,401.20,405.65,265.33,411.22,349.72,309.31,265.12,433.04,357.34,417.14,243.06,371.49,340.30,231.00,320.37,247.23,322.55,253.46
PHL,470,469.82,388.72,383.63,473.62,406.03,412.51,390.52,318.55,334.49,315.42,416.22,328.25,414.00,274.28,436.11,434.33,427.84,297.06,384.34,273.23,261.16,257.88,250.38,222.90,253.94,247.37
MCO,365,363.51,279.78,262.77,274.23,404.77,281.85,267.87,275.74,415.74,257.01,332.74,254.97,416.21,434.63,344.08,260.52,424.53,334.86,349.88,237.20,233.54,362.69,362.20,367.09,374.57,390.55
DTW,305,304.15,385.09,268.44,424.77,330.25,448.68,261.84,422.58,326.33,284.02,303.30,414.70,263.10,346.62,377.28,384.48,311.17,435.87,287.52,346.64,373.47,381.52,334.38,371.48,370.05,375.83
MSP,265,267.39,405.96,406.85,386.58,289.39,414.56,352.58,406.33,289.28,436.88,375.94,303.14,317.82,299.86,446.39,312.53,371.25,273.93,328.02,408.50,393.17,338.94,374.22,337.07,246.91,323.19
LAS,270,269.49,284.54,352.49,354.66,282.9,281.13,358.57,370.10,285.26,413.90,452.72,370.21,329.70,437.66,310.86,340.98,334.55,371.00,425.20,401.87,343.57,373.47,315.34,370.18,238.08,240.87
FLL,275,274.12,266.38,379.09,266.88,267.31,276.03,420.89,268.01,273.80,274.86,376.65,386.14,296.34,399.02,393.58,430.53,283.17,428.16,361.63,327.60,252.58,315.15,350.25,313.81,336.97,374.98
SAN,335,333.59,357.67,256.42,269.21,336.35,373.61,260.54,362.72,372.03,361.87,435.91,425.41,383.93,436.69,501.46,379.65,294.86,377.12,444.60,359.23,326.54,238.77,369.24,353.65,312.85,346.60
DCA,300,298.07,386.43,468.95,381.16,298.23,393.71,393.20,267.44,346.19,367.24,506.97,288.93,355.45,385.95,436.75,468.65,366.38,275.07,410.09,251.83,350.22,358.61,313.25,235.55,343.13,352.79
IAH,380,378.22,472.76,369.97,313.94,390.59,329.51,502.75,309.37,315.14,492.29,289.05,497.61,494.10,335.60,300.30,288.64,466.43,456.99,264.52,418.10,307.14,426.26,240.85,321.04,319.93,325.11
TPA,475,476.6,309.84,305.39,289.99,334.33,304.16,304.01,502.15,502.84,304.85,365.91,357.56,335.60,506.86,369.19,378.33,330.82,321.69,351.07,350.67,334.67,329.79,427.56,430.33,434.54,406.18
MDW,305,306.13,307.33,288.33,370.76,357.43,517.51,288.82,303.69,322.32,318.86,325.87,328.17,347.93,362.40,331.73,334.16,318.57,371.95,317.64,309.62,443.96,309.92,269.47,310.70,310.66,314.00
PDX,355,353.33,378.77,372.28,493.87,504.58,380.37,356.78,365.39,354.75,367.53,342.43,319.72,330.82,337.94,342.07,330.21,367.67,312.70,294.98,302.67,293.27,281.53,321.03,276.36,283.22,289.78
STL,330,331.76,342.46,337.14,339.62,359.11,368.75,289.43,346.99,356.59,405.58,415.87,405.50,433.37,436.45,312.56,308.64,400.61,318.36,318.66,416.32,313.75,411.15,303.99,296.20,308.56,417.92
MCI,330,330.8,334.93,320.52,286.56,340.76,305.16,346.71,298.58,417.07,355.39,319.23,304.06,376.17,310.83,439.46,433.25,382.93,458.05,357.22,309.28,392.69,313.99,410.66,398.36,360.63,358.48
CLT,275,275.57,394.17,306.85,332.85,277.62,408.27,400.74,397.37,294.35,305.98,372.39,360.11,293.96,393.92,395.61,397.79,294.18,395.60,384.01,365.65,299.57,373.48,358.79,350.45,416.87,361.21
SMF,280,280.78,356.15,393.52,371.97,398.07,361.31,345.69,351.31,411.24,365.09,387.74,387.29,429.40,389.71,386.58,397.01,463.72,379.57,446.84,308.05,449.64,373.19,364.29,297.36,288.95,305.56
OAK,400,392.01,310.45,347.75,396.57,428.27,365.82,346.20,349.27,363.32,400.27,374.49,413.20,382.31,416.23,401.57,382.56,383.23,381.27,279.29,379.35,368.24,299.68,304.20,378.50,382.57,313.88
SLC,320,317.09,376.19,467.66,344.54,329.13,408.88,376.78,350.83,310.69,384.99,361.88,363.36,386.35,392.74,347.93,371.85,393.34,284.19,375.43,280.92,267.35,279.59,281.10,348.34,366.41,321.55
IAD,375,374.69,474.92,366.17,346.69,313.35,391.03,384.26,333.82,349.84,377.43,416.13,369.71,343.10,387.72,376.08,390.89,279.78,377.34,362.56,361.53,374.50,367.33,323.98,350.74,283.47,368.46
RDU,325,323.13,344.57,362.77,473.84,332.7,371.81,343.56,393.14,349.81,352.68,387.73,337.51,358.95,386.07,384.39,345.50,424.42,381.70,344.96,359.74,375.26,356.04,364.68,322.30,359.92,369.89
PIT,465,464.57,339.37,335.5,376.15,359.34,504.21,346.75,388.95,386.36,372.28,351.88,364.92,314.80,351.55,377.93,373.58,369.08,392.71,375.64,362.01,353.35,354.85,345.87,281.54,301.23,294.68
AUS,335,332.5,371.82,333.13,365.91,485.35,374.99,336.85,342.41,369.12,343.98,384.71,372.33,372.50,495.63,390.95,380.29,325.14,350.94,373.69,362.28,316.26,326.92,345.35,359.14,350.10,367.65
SJC,325,326.56,336.93,363.08,328.73,359.07,351.55,323.91,366.35,493.35,479.81,387.08,339.23,356.73,390.61,497.54,462.39,394.68,375.71,348.38,339.86,374.29,372.70,361.45,343.56,357.29,355.77
MKE,325,325.29,309.09,366.11,342.49,386.79,377.79,360.25,495.43,329.86,368.48,505.81,369.41,376.75,358.97,361.82,291.53,458.59,453.60,371.72,372.95,356.61,363.95,345.74,343.08,348.54,377.75
HNL,300,299.64,364.64,337.1,303.82,374.29,330.45,498.63,362.21,388.46,378.78,383.21,364.39,413.24,299.25,390.26,382.78,360.45,394.64,447.16,364.78,358.71,362.48,356.10,353.34,357.93,380.60
SNA,400,359.22,364.77,308.11,359.41,308.08,327.98,362.46,366.94,358.24,336.65,358.87,385.76,396.66,390.65,389.56,386.60,377.03,390.51,345.94,389.09,378.60,429.48,387.29,349.01,361.13,435.02
IND,335,336.92,367.62,355.62,304.23,367.95,376.35,360.17,335.51,361.71,389.44,406.70,505.62,392.86,389.44,413.28,412.63,403.84,349.45,385.35,333.35,358.79,394.63,446.18,409.93,336.76,307.06
BNA,350,350.7,365.19,348.81,352.61,312.02,377.88,316.57,375.59,369.77,369.05,381.49,392.26,363.72,407.20,405.17,346.80,388.15,371.24,386.85,363.83,348.69,350.68,344.71,443.10,438.42,367.76
HOU,335,333.72,315.31,285.18,370.56,348.04,391.08,374.95,355.78,387.49,395.25,402.04,388.32,499.05,404.17,407.11,404.60,396.46,391.42,352.97,462.57,353.28,335.54,328.31,337.71,356.63,316.09
SAT,300,299.12,356.49,357.69,350.71,386.18,369.73,376.24,332.10,334.83,351.67,413.91,343.47,348.98,399.23,417.62,420.62,384.64,392.85,390.50,337.28,334.84,342.90,347.33,305.73,370.63,353.86
MIA,370,372.79,353.59,345.09,362.39,370.07,383.92,359.38,380.86,381.68,389.46,300.29,355.63,405.78,416.73,360.29,358.64,339.47,412.00,374.42,383.30,388.00,325.79,360.50,371.83,341.90,336.45
CMH,365,364.7,353.18,345.23,353.74,398.03,377.80,366.03,368.37,437.44,353.69,362.20,392.59,376.61,362.25,304.51,413.09,370.40,347.25,329.39,329.20,458.22,380.17,311.49,335.61,317.81,371.39
BDL,410,407.59,390.46,327.7,343.14,367.48,370.35,275.58,361.31,336.14,390.23,354.72,381.76,458.14,371.45,401.42,395.51,389.05,407.65,402.99,385.16,324.90,366.62,379.06,359.95,339.63,341.88
MSY,345,346.25,343.71,378.2,388.91,281.69,291.26,304.42,403.05,403.04,290.80,414.87,395.15,292.04,407.85,366.82,405.46,414.40,362.59,399.04,378.45,287.13,386.15,361.78,386.03,376.79,369.14
CLE,310,309.97,428.26,275.95,277,341.69,422.13,349.38,458.11,374.24,446.50,413.23,290.78,358.45,304.20,444.59,411.42,345.52,409.27,400.01,393.23,388.54,329.39,326.53,377.96,370.85,382.92
BUF,275,273.19,324.24,313.15,431.43,449.9,455.00,283.49,283.15,382.29,413.70,472.01,458.53,319.09,417.34,418.62,372.92,320.32,406.46,360.35,356.41,387.54,390.98,384.06,336.90,306.50,338.67
DAL,325,325.31,285.48,423.5,320.13,359.61,328.90,401.76,312.98,284.51,312.96,321.93,327.25,389.07,328.83,306.47,318.17,404.29,341.30,327.90,307.71,393.52,377.67,363.45,367.12,362.59,389.46
SJU,275,276.85,332.32,337.28,350.5,320.32,294.94,443.30,291.96,317.91,301.28,311.13,320.22,336.99,465.09,339.48,339.07,347.52,445.59,426.92,411.43,315.56,279.82,280.68,281.01,397.06,303.48
RSW,305,305.23,284.96,305.05,298.94,339.65,379.90,332.51,299.70,333.66,313.07,391.81,326.15,349.51,341.27,397.14,330.73,350.25,322.27,381.80,305.76,302.36,307.35,372.47,307.26,320.30,313.41
ONT,265,266.38,338.92,345.77,312.48,267.94,323.22,359.13,363.49,297.81,376.34,359.22,337.82,315.55,329.77,360.72,345.52,477.11,325.63,329.26,310.15,430.48,309.23,317.85,362.81,281.92,326.16
JAX,310,308.67,348.22,298.55,327.24,310.23,352.34,276.77,311.46,338.06,311.92,297.10,380.83,382.71,250.41,298.82,390.31,347.55,333.51,358.54,371.64,336.76,377.34,282.58,318.34,320.40,319.82
BUR,350,349.08,291.31,345.38,349.11,316.52,326.71,351.99,281.69,272.67,343.21,364.05,335.20,392.38,389.05,394.44,484.98,409.69,390.76,326.06,319.21,386.85,310.05,345.17,310.38,383.82,395.16
PBI,330,328.05,307.56,325.34,312.57,372.61,369.07,357.94,338.32,390.23,342.25,335.75,281.23,514.41,357.54,397.76,347.54,283.16,361.11,302.18,340.43,403.35,358.08,326.81,274.38,269.58,281.00
ABQ,330,330.74,352.35,299.94,317.38,349.61,288.60,306.82,358.04,370.22,284.82,379.82,339.20,275.43,297.05,357.36,293.25,388.81,296.59,383.17,294.15,287.22,384.64,369.80,325.50,384.58,357.84
PVD,465,465.75,346.1,338.73,333.14,378.33,385.74,355.47,359.45,332.10,355.28,332.95,354.05,328.92,370.29,532.69,402.74,349.87,409.08,391.87,373.22,346.38,292.17,379.94,364.81,327.72,378.02
OMA,325,325.22,354.32,488.2,371.58,343.3,378.46,401.68,370.42,519.00,385.69,531.21,375.01,340.61,390.88,362.84,393.26,347.89,386.33,428.88,396.55,349.68,386.18,401.13,366.48,347.40,381.52
CVG,335,336.38,476.06,291.5,501.79,526.25,534.90,297.69,518.48,344.82,518.09,422.57,400.42,362.10,523.33,429.29,362.63,380.64,378.94,324.79,356.77,373.92,361.89,388.33,374.42,396.93,404.01
OKC,330,329.87,402.86,400.97,399.51,404.62,427.05,519.21,405.07,412.49,407.60,249.78,510.36,406.09,402.42,344.98,415.13,425.76,420.14,425.43,386.85,398.98,390.24,327.17,347.33,374.19,359.95
TUS,380,377.97,362.5,240.09,382.72,410.06,243.94,230.29,393.80,405.86,417.95,428.97,388.81,411.08,425.57,436.78,436.00,416.51,426.67,421.76,422.46,110.75,422.78,409.55,414.22,417.02,446.19
RIC,345,345.98,405.58,351.8,399.31,345.99,424.12,401.45,384.83,401.43,403.87,467.28,420.39,406.80,422.55,497.42,437.39,437.48,439.64,396.17,401.89,425.02,410.47,350.85,402.81,408.11,410.59
MHT,390,389.54,347.19,391.63,393.79,209.89,382.13,393.90,412.25,364.18,236.82,346.79,407.39,119.05,466.05,261.31,422.43,443.03,441.27,362.87,428.61,402.11,414.28,410.81,353.38,187.76,211.87
ORF,370,371.58,401.04,394.77,229.31,354.33,428.70,352.69,368.00,361.57,406.92,420.80,387.25,448.79,425.79,456.63,377.09,421.93,465.68,445.02,486.22,393.22,95.58,429.29,423.28,345.03,418.96
SDF,330,327.24,390.52,508.35,343.93,401.06,416.91,379.84,366.65,368.00,381.21,409.74,368.75,370.67,400.27,422.29,409.00,364.35,457.43,426.50,414.66,414.67,429.70,350.98,208.41,351.90,444.15
MEM,455,453.73,476.22,386.02,389.27,356.35,390.20,361.90,233.84,405.01,476.37,386.80,434.43,426.94,445.49,461.90,462.68,431.56,406.20,369.76,366.46,357.64,350.22,355.95,356.14,414.08,383.07
LGB,385,384.73,246.53,472.46,340.79,408.2,385.52,485.20,362.05,355.26,369.88,479.29,248.63,390.76,110.61,397.00,385.75,395.06,388.55,359.03,360.03,356.79,439.14,221.63,370.59,343.73,348.65
ELP,215,216.22,379.58,332.34,388.4,371.61,378.72,384.22,378.15,430.19,360.47,360.69,384.39,379.41,493.26,386.83,98.68,382.76,383.25,375.46,94.96,421.72,370.78,359.26,403.59,381.81,362.55
GEG,340,342.2,356.71,378.02,373.58,414.9,511.93,553.15,388.82,386.47,509.92,376.51,568.24,366.25,378.98,366.43,557.97,404.94,431.89,93.87,392.23,459.36,394.90,354.72,92.95,300.07,432.63
BHM,400,401.09,398.31,335.09,483.51,395.81,404.45,382.59,479.71,220.09,373.13,400.01,424.14,427.05,399.33,395.76,426.79,446.32,358.62,384.04,340.27,436.00,400.56,86.30,464.76,376.99,341.58
DAY,335,335.11,370.88,343.09,366.82,367.76,345.50,334.43,365.35,478.00,408.40,447.92,392.80,390.81,438.40,386.41,433.19,541.30,439.73,254.27,373.76,394.50,368.87,424.03,368.98,423.69,389.33
TUL,305,306.68,414.47,388.78,338.31,519.97,374.23,365.00,327.26,408.53,377.14,353.88,346.95,388.77,396.15,440.53,401.34,432.85,415.97,424.01,431.73,357.00,354.77,394.36,345.41,426.16,305.72
RNO,340,339.13,342.14,355.54,356.13,322.21,442.06,430.75,339.08,337.65,437.34,439.40,420.96,391.89,389.46,444.88,361.89,433.23,443.39,410.61,396.31,383.59,403.03,405.06,389.44,385.31,400.06
ALB,380,380.26,422.73,339.81,412.43,374.99,359.81,335.06,389.29,451.83,352.41,402.72,346.68,234.98,369.35,455.99,258.28,359.85,404.28,411.39,412.40,388.22,418.89,384.06,391.43,447.84,392.09
BOI,380,382.6,348.19,415.24,403.03,373.24,432.02,361.34,411.36,386.65,351.73,391.36,361.92,363.30,449.59,399.53,390.86,436.81,442.46,443.05,408.61,381.38,407.80,407.05,394.11,373.79,425.25
ROC,325,323.25,365.17,415.85,587.76,436.53,560.97,414.35,430.19,407.65,421.98,368.30,432.91,556.85,402.67,105.53,444.68,240.94,257.13,440.61,412.01,109.49,96.69,401.30,398.07,379.18,423.19
ANC,355,355.97,542.02,350.27,352.08,427.77,396.98,390.32,621.41,368.97,401.52,450.70,371.39,442.89,412.22,390.42,434.51,403.44,395.14,423.94,359.14,449.05,445.34,366.93,441.78,449.60,383.65
HPN,395,393.07,355.74,315.99,359.31,374.27,391.51,394.37,321.05,246.21,394.79,283.66,396.91,433.31,448.38,394.25,381.76,377.08,391.90,388.41,383.51,306.67,373.83,321.71,358.08,392.89,391.43
GRR,395,394.07,407.34,395.73,379.74,433.47,358.35,311.03,387.24,421.50,394.22,398.21,102.17,132.62,398.38,434.48,392.15,397.27,410.69,383.91,241.76,422.56,366.99,451.79,358.92,427.50,470.50
LIT,585,586.36,405.62,397.84,417.87,599.32,326.40,325.74,384.74,445.56,272.10,447.18,434.63,357.40,413.05,454.47,378.91,431.42,432.56,381.37,370.61,127.51,229.58,360.91,315.77,411.10,380.38
SYR,295,295.18,417.74,273.03,413.46,321.26,446.54,256.94,454.93,606.56,435.04,417.46,283.97,381.52,392.99,384.75,431.16,437.86,432.34,90.64,92.50,399.36,321.66,87.47,91.27,376.18,443.36
CAK,390,390.94,329.67,280.33,307.16,382.5,271.56,407.80,405.14,329.64,399.55,402.48,412.81,286.32,444.48,309.30,430.59,311.14,448.40,427.43,405.93,374.40,379.03,373.55,397.23,478.86,447.01
CHS,255,254.03,428.24,404.97,410.86,433.22,433.39,428.40,244.42,397.10,405.90,423.80,394.16,407.52,397.86,432.74,295.26,330.11,333.59,325.44,416.21,227.15,412.64,406.23,392.55,397.28,400.63
OGG,410,412.62,272.27,306.45,422.05,259.63,424.73,446.21,418.76,397.86,334.13,359.76,372.28,328.42,417.57,425.95,420.79,411.54,425.71,444.22,308.37,410.65,113.09,399.78,367.88,398.87,428.13
ISP,300,297.66,309.56,422.72,300.79,306.69,456.61,411.78,389.94,417.57,124.73,414.44,333.68,395.22,307.72,424.24,401.99,442.89,324.11,416.71,395.86,427.59,420.27,436.46,406.35,424.24,123.50
DSM,360,361.92,428.19,408.79,267.86,423.69,401.19,396.25,393.99,319.69,383.28,381.78,114.32,402.84,109.94,382.32,342.38,524.07,395.23,416.81,421.00,332.78,435.82,406.63,422.47,320.96,506.20
GSP,370,371.62,376.97,374.34,380.25,406.1,464.01,434.99,410.78,472.91,392.80,413.00,371.99,395.48,138.43,100.80,111.88,424.66,427.04,422.29,111.11,527.68,421.18,200.90,418.42,436.76,409.96
PWM,170,171.84,384.74,421.65,401.24,393.16,430.27,380.46,374.89,282.66,467.26,399.01,423.40,218.38,406.77,457.77,410.35,143.13,469.57,388.22,405.15,404.07,477.23,464.49,489.12,392.77,466.82
GSO,245,245.81,390.39,382.59,425.29,394.47,307.03,426.32,470.51,420.82,407.31,482.69,230.29,288.66,364.80,99.69,97.60,421.18,409.72,215.74,402.33,433.87,417.34,361.65,102.47,291.41,311.53
TYS,410,409.32,443.72,377.07,363.21,156.57,398.71,379.18,388.41,411.83,99.31,469.39,414.21,120.46,415.36,356.90,443.91,260.25,524.93,308.58,445.20,120.02,376.49,405.50,380.98,458.99,408.30
COS,430,429.08,414.38,375.37,469.03,454.09,262.68,459.58,462.94,391.90,446.12,448.88,389.35,496.38,454.90,438.84,409.38,315.02,490.80,399.80,522.24,441.24,381.39,425.91,425.61,438.47,287.28
ICT,450,448.54,389.69,417.93,270.53,262.66,472.77,405.48,320.30,477.02,281.73,295.12,311.95,400.78,192.46,460.63,444.87,457.65,132.69,94.90,426.48,418.64,396.45,376.82,413.40,283.79,399.81
BLI,380,378.21,267.18,253.39,402.92,396.51,416.37,289.72,290.72,168.66,464.76,98.44,387.90,393.95,464.85,410.41,504.75,491.12,465.97,465.93,321.24,323.53,102.22,86.20,404.64,404.10,128.56
MSN,460,459.56,439.86,409.27,469.2,409.85,403.82,245.91,396.51,434.34,396.30,414.72,479.08,427.94,511.96,185.04,392.71,409.08,312.52,448.94,391.62,490.15,457.94,374.06,380.45,411.23,463.99
ACY,400,398.83,205.23,442.41,407.8,430.43,468.39,445.80,428.32,385.74,209.62,207.96,99.77,443.71,415.35,508.12,319.62,437.79,453.79,511.58,430.11,456.76,445.18,427.54,300.42,369.31,418.13
PNS,310,307.67,408.1,166.99,441.85,416.13,165.84,410.36,402.14,256.45,443.52,104.12,402.89,152.95,307.95,228.00,235.16,444.54,462.48,428.01,324.10,405.70,323.88,423.40,94.09,119.63,462.41
MDT,410,409.8,449.96,443.47,432.73,429.62,446.83,132.93,418.59,221.30,426.90,451.24,400.42,407.22,414.25,433.34,440.63,431.39,490.66,453.78,452.17,314.91,451.58,444.01,375.81,363.92,308.06
JAN,405,406.79,421.77,472.79,188.5,380.63,443.69,415.98,446.44,439.75,442.45,237.94,451.68,361.51,422.74,309.01,436.28,424.48,248.61,309.77,404.01,130.03,438.83,323.94,443.95,339.73,367.50
HSV,470,472.89,473.1,413.08,411.03,259.73,451.31,426.60,419.14,416.59,435.12,265.98,420.46,426.84,434.32,450.52,432.55,314.04,134.75,468.36,445.65,376.95,311.58,296.48,330.79,397.29,470.60
BTV,390,388.51,423.69,407.86,473.56,502.8,424.13,431.98,157.48,389.01,426.32,456.34,175.20,362.23,462.28,445.06,468.24,442.14,441.78,156.99,283.96,276.26,402.62,85.91,425.19,443.24,263.23
FAT,255,254.03,420.46,322.66,415.81,431.82,503.88,254.04,222.45,440.63,444.68,414.39,440.94,365.22,475.90,472.08,169.50,386.80,531.68,288.39,319.15,448.78,324.74,319.23,335.08,403.30,151.11
PHF,405,404.37,353.03,428.6,327.86,401.46,156.35,238.28,473.64,380.64,103.40,452.31,404.34,390.37,387.53,462.50,399.78,431.77,166.63,489.87,424.60,389.45,242.93,474.68,395.33,417.78,433.13
KOA,390,389.96,272.37,250.48,402.98,407.67,275.77,521.89,250.65,434.67,255.27,300.37,480.54,365.16,451.87,300.93,407.65,454.33,433.23,421.51,225.13,454.77,418.19,309.33,304.98,420.57,339.70
FNT,330,331.46,356.92,352.65,348.89,446.7,326.34,388.10,543.77,383.95,290.49,463.56,433.35,415.26,401.38,434.46,426.49,439.11,451.79,480.32,465.13,219.52,512.17,394.94,441.03,458.88,557.21
ABE,230,229.83,367.43,264.02,246.91,233.2,246.07,466.76,370.71,446.75,416.31,156.73,364.04,296.31,187.76,383.63,261.33,464.22,280.16,321.28,423.86,427.20,297.69,410.38,363.45,124.61,507.34
SAV,320,320.2,464.12,243.79,265.28,358.6,499.55,265.62,398.27,466.50,493.14,495.01,262.78,357.30,479.51,403.73,467.87,277.70,171.58,395.85,99.18,433.13,462.91,443.59,402.29,253.66,442.36
LIH,380,377.72,242.67,464.96,482.97,455.22,435.42,518.26,436.31,152.16,159.41,440.19,420.92,134.41,263.36,272.37,311.88,456.44,484.57,440.99,148.69,420.62,426.13,407.93,364.74,542.39,416.72
SRQ,400,397.86,323.15,347.99,358.82,389.21,390.77,436.09,212.62,436.91,417.28,512.41,294.00,259.89,443.26,165.63,393.33,520.88,334.27,449.28,424.48,426.35,389.17,360.45,500.28,420.05,139.25
LBB,300,303.84,360.4,404.47,323.01,336.2,533.92,374.45,438.36,423.11,379.99,559.37,354.17,400.42,314.37,459.35,443.20,134.66,303.55,150.17,513.49,471.98,433.27,421.09,383.44,121.75,368.35
XNA,330,331.75,514.17,357.14,379.17,374.11,395.37,215.88,363.23,398.22,522.55,97.02,371.22,454.53,491.90,459.71,486.22,188.06,460.30,184.24,160.35,383.26,383.45,375.22,219.86,402.47,417.34
MAF,460,460.21,349.01,329.27,351.72,476.69,384.53,142.03,394.08,206.99,422.72,429.76,485.41,471.88,279.77,192.90,395.86,470.83,438.19,453.25,393.14,431.28,383.99,373.86,139.76,483.36,453.00
LEX,485,484.85,435.16,160.12,428.7,151.72,383.30,438.44,515.73,493.18,547.49,441.29,391.11,454.49,383.97,562.95,200.02,434.02,591.15,89.18,429.67,433.46,571.00,129.06,358.96,397.35,245.74
MYR,450,447.2,269.73,515.61,231.96,359.64,227.98,508.90,144.11,543.37,264.64,397.04,370.29,443.49,118.49,393.05,422.93,569.97,433.89,485.25,415.02,559.52,346.60,343.88,560.04,364.08,428.85
ITO,190,188.86,217.89,234.26,467.35,487.5,417.41,360.20,487.24,546.85,388.85,246.34,236.77,480.64,387.81,503.19,385.00,406.29,392.71,389.46,563.29,441.84,206.24,561.34,448.33,375.78,126.76
MLI,460,459.28,421.64,369.57,401.52,365.35,400.45,390.39,419.52,391.33,237.98,360.95,392.97,418.05,376.39,352.33,481.98,462.83,524.29,580.01,423.83,569.96,501.41,495.93,392.91,262.43,282.35
CAE,330,327.6,510.5,495.02,519.94,536.28,471.17,340.18,360.85,375.36,395.61,497.43,527.52,222.49,374.88,501.06,373.21,409.52,426.93,503.71,358.80,405.68,125.94,176.08,307.15,574.43,427.09
AZA,425,424.4,173.32,321.19,477.43,209.7,288.01,376.78,389.46,432.84,364.56,413.22,342.29,562.65,561.07,389.13,558.67,418.57,446.14,408.96,374.64,246.28,415.14,403.04,394.92,473.66,453.24
FSD,400,403.61,411.9,355.57,408.09,420.2,377.59,428.68,400.99,501.72,494.88,374.48,483.23,357.25,359.92,421.83,406.91,166.32,465.58,314.30,489.58,377.52,272.22,358.99,348.30,152.66,673.77
AMA,350,348.12,360.32,401.81,392.33,354.32,419.46,391.16,295.90,392.90,375.06,441.43,389.47,368.17,265.49,253.60,105.94,235.46,416.55,408.21,398.37,357.13,406.80,297.05,412.51,420.96,456.89
CID,330,327.66,488.84,376.75,420.17,365.46,142.95,429.43,424.67,127.16,368.21,381.76,436.75,362.38,400.76,368.12,477.21,441.67,404.48,352.94,262.44,374.35,430.19,273.44,494.79,456.31,424.26
EUG,370,371.15,383.43,428.2,274.31,493.83,534.70,446.65,387.04,422.43,453.01,504.17,287.83,393.71,509.98,420.62,397.58,512.84,395.47,419.55,396.05,520.54,424.26,417.70,283.51,441.45,418.93
BTR,390,391.03,442.55,407.02,165.27,397.37,436.33,442.77,421.88,474.62,399.27,411.13,429.63,364.09,201.03,392.52,253.79,137.71,429.70,447.93,308.14,422.05,363.18,342.74,410.14,524.35,483.77
BIL,385,383.76,407.19,410.95,358.91,365.75,386.54,420.92,462.28,425.51,439.21,439.48,398.57,397.26,355.84,391.92,313.13,411.27,432.34,376.25,418.44,407.18,313.41,404.65,428.34,346.58,536.58
SBA,525,525.56,433.96,475.99,441.83,427.92,456.16,404.14,450.92,393.51,410.06,448.91,391.91,484.93,423.76,435.42,426.07,405.15,373.13,484.81,390.85,304.02,427.45,347.20,349.60,438.06,385.85
ILM,330,327.94,429.77,413.34,434.33,377.87,448.82,432.59,488.83,395.14,439.77,441.37,405.00,334.60,382.84,417.44,397.24,390.77,412.90,429.52,432.39,324.47,357.53,434.59,442.41,389.01,456.51
PSP,365,366.84,424.89,417.91,439.43,137.8,475.14,129.77,432.28,310.35,457.39,414.25,462.75,329.91,266.78,340.07,464.01,383.25,273.98,266.77,465.39,423.89,393.18,437.24,445.03,406.00,591.02
PSC,405,404.51,405.05,380.87,376.26,433.87,410.77,400.91,425.75,399.10,426.58,421.48,352.76,437.72,342.97,399.13,370.91,385.66,415.31,426.04,444.65,439.57,417.38,420.31,454.31,378.11,371.53
BMI,400,399.42,352.49,511.44,481.12,438.31,429.88,544.53,451.46,462.36,406.80,401.16,453.68,390.47,390.00,405.70,464.06,369.25,462.90,398.72,435.93,410.16,458.98,419.13,385.15,474.73,144.87
FAR,405,406.98,473.86,405.6,133.25,370.38,489.77,454.46,443.19,423.83,397.28,409.91,384.90,436.50,367.17,495.89,381.39,457.18,513.40,436.23,459.02,320.65,469.20,416.27,374.90,135.41,400.95
SFB,300,300.65,136.32,433.36,346.64,414.52,471.51,412.14,122.49,445.18,359.18,446.27,392.66,201.23,452.74,488.21,382.71,457.04,377.78,365.75,391.59,455.45,426.11,120.23,374.86,387.10,414.34
AVL,165,165.58,395.16,336.76,426.38,437.39,414.53,406.51,487.08,445.09,415.16,471.34,372.19,408.68,481.61,368.52,336.80,412.25,493.40,446.71,385.06,369.03,360.89,427.65,139.52,122.57,410.06
MFE,450,449.44,440.04,138.59,391.67,396.18,435.66,423.91,431.56,425.05,485.78,373.94,457.20,401.15,427.92,401.46,367.49,419.09,471.82,396.00,318.99,450.02,381.14,379.57,432.47,437.23,454.11
SGF,435,433.33,463.74,397.97,447.29,300.11,157.93,394.56,441.15,456.57,364.35,421.27,394.75,371.37,433.34,423.46,445.77,463.93,438.20,384.30,389.47,427.60,427.00,365.34,338.75,336.80,482.56
GRB,305,305.23,425.23,390.68,408.57,382.89,395.11,381.39,430.86,427.65,503.06,446.42,396.16,299.49,492.88,339.33,383.85,330.46,162.38,399.60,366.33,150.71,450.23,434.57,427.18,407.88,362.73
CRW,425,424.06,413.96,484.84,408.25,379.41,444.99,524.13,447.42,468.46,436.99,443.18,426.89,465.79,340.27,397.99,425.64,422.04,432.92,388.87,354.70,332.95,143.77,367.25,358.36,372.22,377.69
SBN,380,382.49,405.47,446.08,141.55,418.74,378.05,427.53,341.20,430.26,454.21,363.32,521.64,354.55,361.22,434.05,421.14,470.99,410.87,309.33,327.27,365.42,386.15,381.03,290.01,341.41,505.14
CHA,405,404.46,405.51,416.33,460.84,398.21,434.71,438.86,393.74,130.39,459.70,402.04,105.36,435.30,396.45,404.06,478.13,387.81,412.50,410.64,463.27,464.36,303.49,388.87,466.34,369.50,438.04
CRP,415,413.9,440.87,383.15,384.97,429.48,440.99,464.81,465.14,416.60,396.03,454.19,380.28,161.19,399.51,102.77,435.05,472.70,431.56,418.36,379.05,468.66,341.41,420.85,431.73,471.03,398.45
HRL,350,351.52,328.44,144.81,586.9,549.59,474.37,419.02,448.48,496.30,438.15,422.27,329.75,455.12,488.93,482.03,408.07,438.11,449.14,439.99,434.04,408.39,478.49,338.56,406.36,398.69,409.91
PIE,595,595.56,142.18,430.25,316.13,401.23,346.71,474.48,413.41,341.09,473.87,408.58,337.81,435.82,440.31,450.85,357.11,529.20,449.29,449.53,436.78,400.10,420.32,298.41,455.73,403.29,441.91
GPT,370,369.92,456.59,412.06,430.11,141.17,575.32,411.27,629.64,468.65,541.43,431.00,490.97,395.67,434.48,402.90,413.43,422.22,479.44,348.88,476.04,378.20,457.18,460.52,329.21,426.71,490.25
FWA,440,439.01,418.5,419.11,462.67,321.67,420.85,490.33,516.51,489.93,438.72,531.52,447.48,356.47,394.86,459.19,398.24,600.45,459.20,488.22,404.57,489.30,430.06,406.03,410.39,420.76,453.28
ECP,420,419.02,386.49,398,411.38,462.43,466.36,489.24,493.10,462.17,485.13,495.53,398.64,393.90,461.46,372.38,557.08,516.99,440.15,461.10,391.71,423.87,363.98,332.84,531.83,501.01,237.03
FAY,335,335.67,459.59,387.05,446.15,449,423.75,141.13,465.43,520.78,177.73,440.20,456.39,420.98,493.63,525.65,540.15,535.62,537.58,525.78,431.12,403.93,446.43,499.82,433.14,465.05,452.51
ROA,390,392.99,461.71,458.16,406.34,455.96,402.04,346.97,445.80,404.88,399.77,445.30,593.31,511.79,531.26,554.64,499.28,241.31,547.07,430.86,554.38,419.90,365.14,514.38,414.55,369.64,380.04
AGS,440,438.71,444.85,447.18,462.35,494.79,520.75,430.81,136.20,575.97,517.20,516.50,437.05,334.27,526.40,457.83,458.74,437.59,560.45,421.17,467.27,410.09,432.64,357.87,403.98,424.27,430.10
FAI,460,457.47,556.46,329.97,426.34,463.3,461.02,517.60,448.85,612.88,448.68,374.67,417.91,402.47,373.82,470.33,585.75,424.44,133.76,578.38,531.53,438.81,519.57,433.64,516.74,479.02,431.35
MFR,410,412.28,388.11,420.5,434.82,505.09,508.61,465.83,415.94,531.18,417.13,513.74,497.97,566.42,427.65,526.69,458.13,552.00,458.93,431.97,505.54,363.37,443.41,446.87,432.98,545.05,401.93
AVP,435,433.15,427.55,500.57,397.19,363.17,476.07,455.16,484.60,420.76,350.60,449.03,474.02,389.20,555.81,547.36,479.71,437.00,469.21,472.64,426.51,361.86,451.32,417.85,434.95,371.66,414.42
BZN,425,425.02,427.36,446.73,455.92,447.66,508.85,335.04,531.90,460.42,548.93,443.31,397.59,379.96,481.00,382.49,508.81,525.04,525.87,528.49,441.78,445.93,394.37,451.61,481.55,422.37,435.71
TLH,480,477.89,497.77,438.64,516.83,530.01,492.20,486.40,411.52,380.18,413.34,373.87,442.99,378.20,365.89,351.94,449.09,471.28,579.98,519.52,518.52,512.33,436.23,475.16,340.57,441.71,451.60
PIA,135,134.75,408.3,508.58,493.08,379.01,532.12,511.98,473.08,446.80,491.67,569.22,406.81,456.47,450.71,399.23,468.52,202.62,383.82,406.55,389.99,574.79,492.43,384.23,366.41,434.81,605.59
MSO,410,412.34,449.78,336.85,507.69,441.57,457.15,357.43,515.05,463.63,363.25,459.86,380.33,494.83,350.37,579.91,340.22,393.06,422.31,379.20,403.41,519.52,385.90,393.89,427.75,512.09,445.82
BQN,425,425.49,269.72,432.78,354.58,463,383.31,433.68,482.39,239.01,538.43,489.52,457.21,445.48,387.00,468.12,431.44,445.81,140.82,141.37,376.16,661.55,543.89,461.31,377.77,495.84,543.63
VPS,320,321.94,525.95,498.12,518.06,388.18,491.57,523.48,460.55,478.18,465.72,505.87,308.49,581.43,403.56,468.65,400.01,472.20,463.40,449.19,466.26,125.27,232.48,222.10,450.01,173.53,514.23
SHV,495,493.67,535.02,447.35,462.4,587.36,593.60,481.12,353.43,387.86,512.30,547.52,530.31,429.08,394.70,476.91,594.97,436.72,430.56,445.27,513.73,512.26,483.10,443.56,370.59,613.77,532.65
SWF,130,128.82,370.06,242.64,386.5,448.53,360.13,389.45,400.76,393.94,453.16,472.09,399.59,396.49,470.92,430.45,501.61,447.03,508.32,448.60,363.47,332.24,376.10,401.41,495.37,370.79,450.30
MOB,400,399.15,514,361.16,365.32,503.58,358.68,471.82,362.82,479.58,453.12,510.76,161.99,427.41,450.63,510.39,428.41,336.38,515.91,402.96,415.22,463.41,575.60,379.80,218.64,463.35,533.28
RDM,495,493.16,357.89,504.72,448.4,354.03,464.70,366.11,522.49,499.78,494.57,506.95,432.77,375.17,542.67,423.23,393.26,392.17,457.29,605.56,400.14,372.76,544.90,443.44,486.75,172.64,368.88
ATW,505,504.4,427.4,419.14,527.54,359.46,544.87,396.69,450.70,515.44,384.47,403.70,499.08,330.20,434.90,440.59,459.70,531.31,540.56,425.72,465.08,137.92,369.05,557.31,572.96,507.43,623.00
DAB,540,540.53,359.38,328.22,336.2,532.92,571.74,525.02,442.36,461.95,452.50,496.04,444.39,137.27,508.46,469.43,468.13,418.90,348.19,511.14,448.66,118.67,442.68,404.33,430.03,397.48,443.20
TRI,425,425.11,438.21,490.7,539.53,462.77,255.74,463.59,378.41,544.34,265.08,396.14,387.73,517.43,459.64,477.90,463.03,153.40,489.16,506.92,533.48,434.28,359.36,514.24,369.19,508.19,485.15
CHO,445,443.01,470.91,434.53,425.38,521.34,391.37,602.40,566.15,373.00,478.90,434.50,449.19,461.90,492.93,473.52,396.67,161.43,474.04,274.92,629.11,383.44,398.56,432.64,441.57,434.80,590.54
LFT,435,434.28,509.77,449.49,464.87,360.22,491.33,236.28,410.16,420.27,526.00,377.94,371.67,398.24,456.98,493.82,537.85,485.42,459.84,472.40,401.09,529.61,406.50,373.52,463.16,467.34,129.58
RAP,490,487.74,478.74,399.58,458.07,429.98,546.72,542.25,527.14,368.32,389.92,200.98,494.55,436.04,265.60,396.34,442.28,424.62,290.71,488.63,466.69,130.01,476.75,429.72,443.46,205.41,398.00
GRK,400,399.48,508.81,494.08,499.34,420.69,498.89,438.08,486.56,421.31,414.23,458.70,440.88,548.41,395.63,571.60,455.13,519.69,578.95,492.30,396.92,554.86,471.36,381.58,372.46,466.78,527.69
GJT,460,460.07,414.12,431.87,484.91,554.03,448.97,466.83,544.94,509.09,487.72,258.02,478.14,427.35,580.26,465.39,469.38,557.10,491.66,474.19,474.80,471.52,527.43,494.67,490.36,128.07,497.48
OAJ,340,340.46,437.89,466.54,244.13,486.31,533.16,486.16,484.64,450.11,102.99,457.58,368.00,447.60,550.57,481.03,429.92,529.79,408.92,472.68,471.70,328.68,466.66,457.54,475.13,474.79,405.14
SBP,140,410.69,393.9,424.64,514.65,438.2,399.68,408.12,452.61,540.88,439.32,442.09,468.20,405.64,453.84,460.03,474.75,471.51,502.56,573.74,381.37,472.91,495.88,454.16,487.68,462.71,517.02
MLB,510,512.41,359.52,426.63,451.68,480.97,456.56,450.92,487.07,424.88,441.02,492.00,350.24,351.03,491.38,528.87,390.72,394.56,495.26,470.79,550.09,457.77,391.77,501.80,409.34,518.98,502.02
STT,245,243.07,477.51,520.83,396,393.89,481.61,515.08,447.47,509.62,503.55,140.27,391.65,401.93,473.83,251.81,394.02,460.27,403.74,369.65,258.82,375.54,485.39,492.03,466.66,485.28,490.22
BGR,435,436.78,445.31,509.66,435.78,434.35,458.54,538.37,403.42,417.88,473.66,384.53,393.07,353.99,469.95,404.90,530.72,460.85,505.68,548.88,377.49,380.27,488.26,513.16,474.71,423.65,144.80
LAN,350,352.82,433.75,406.64,390.29,425.2,368.60,477.69,245.89,438.66,481.20,430.53,452.89,507.96,462.88,398.55,425.66,454.15,393.06,391.83,405.06,235.07,485.85,477.96,397.12,428.73,481.69
GNV,405,403.68,437.83,473.37,373.7,424.79,531.95,508.10,469.80,466.49,444.29,458.39,437.03,467.15,373.12,451.64,177.85,467.85,526.10,492.86,553.32,395.00,556.17,476.85,524.91,475.03,580.88
BIS,430,429.76,530.68,416.65,415.36,386.08,411.79,362.29,401.98,469.79,376.85,420.81,474.72,144.09,520.90,361.34,504.52,473.95,496.93,551.76,485.95,503.20,505.18,593.22,439.42,399.54,369.66
GTF,450,448.26,424.13,424.01,520.19,399.32,432.56,524.74,364.45,376.68,461.77,486.41,507.17,512.21,474.70,379.82,480.39,490.33,495.92,380.48,339.85,472.22,446.68,462.44,380.21,528.23,283.06
MGM,250,252.09,483.54,347.63,438.1,447.76,470.32,419.13,383.62,468.74,377.39,135.68,261.77,466.70,455.74,485.58,266.98,406.86,410.05,477.80,145.84,579.45,375.44,402.72,387.78,533.05,434.72
MRY,170,169.69,420.17,423.01,455.49,237.12,430.26,414.21,434.65,390.49,472.94,511.52,455.91,468.56,414.36,466.36,342.93,550.57,483.31,350.70,530.94,343.43,269.93,292.34,128.49,547.03,448.94
JNU,365,365.78,479.64,240.71,495.04,269.25,496.98,446.02,481.37,182.55,418.81,445.10,390.80,412.57,391.97,376.33,372.39,258.80,468.21,451.37,145.31,369.01,524.57,379.10,446.65,426.04,586.86
ELM,415,414.92,388.31,414.36,480.05,395.29,573.99,484.88,475.39,241.95,130.37,565.03,555.20,488.56,426.98,475.57,499.99,502.37,368.95,134.50,450.53,551.27,117.56,397.28,544.87,348.66,580.26
EVV,475,473.93,499.28,472.12,408.54,398.22,519.17,497.21,513.03,502.84,416.21,489.71,219.83,495.32,469.35,150.74,386.10,399.39,557.32,443.59,531.42,580.83,418.17,395.39,518.70,462.49,443.00
BFL,370,367.82,457.79,563.19,443.33,369.71,487.95,424.67,491.46,152.45,404.95,406.19,354.29,359.39,403.98,448.80,511.36,359.42,227.35,473.47,383.57,316.53,511.80,491.05,444.12,464.36,121.08
DRO,485,483.88,389.52,514.91,518.96,558.24,426.16,541.80,451.19,480.93,120.92,467.40,466.17,351.97,448.26,583.05,455.05,461.27,413.97,387.23,398.29,489.57,519.41,104.31,123.71,232.30,159.43
MOT,515,516.86,556.48,504.05,431.31,433.52,530.80,404.37,451.86,540.95,553.51,416.50,135.40,172.99,164.40,155.95,469.60,525.48,470.03,421.38,336.89,500.85,536.43,293.63,443.31,320.40,323.39
DLH,410,408.79,456,420.98,421.6,483.78,453.46,589.38,466.87,392.57,550.79,584.95,555.69,421.43,516.22,538.40,151.88,581.41,415.72,544.30,433.03,565.49,422.26,121.66,467.87,390.69,146.60
HTS,475,476.5,263.8,249.63,419.78,500.76,261.87,484.05,392.92,413.80,469.80,545.73,390.62,448.43,152.34,411.73,498.91,481.08,447.17,619.45,532.04,517.95,494.74,441.21,517.70,489.72,448.68
SCE,465,466.01,507.68,541.88,514.41,526.58,361.37,134.32,524.69,177.99,367.04,562.97,137.10,239.12,391.09,514.52,435.64,469.69,186.23,529.14,514.44,459.77,93.16,479.09,328.15,488.12,560.84
PBG,475,476.79,222.38,450.62,465.98,491.09,460.64,424.60,581.88,514.42,525.71,540.55,360.32,441.28,483.37,181.25,549.70,413.06,161.14,394.87,552.14,630.41,313.55,365.90,491.84,158.06,451.87
MBS,430,430.78,500.37,404.57,435.66,472.46,418.03,253.42,436.48,489.95,392.90,442.39,441.54,493.70,321.58,418.47,462.90,478.29,542.85,430.62,125.53,505.21,384.94,498.90,501.49,432.29,228.84
AEX,595,595.65,507.13,422.49,237.31,235.83,458.55,469.40,360.93,578.58,549.76,295.03,531.45,466.19,115.80,572.73,484.98,552.32,373.12,464.76,135.52,380.23,348.82,523.97,353.97,405.96,119.29
IDA,430,428.23,470.44,485.29,453.16,486.91,519.08,560.01,445.82,508.22,549.24,470.16,166.21,501.55,437.84,456.37,547.23,533.24,542.58,505.72,513.49,169.41,483.22,442.26,281.00,477.22,457.30
CWA,380,380.74,461.05,496.1,512.64,180.8,569.70,230.80,473.31,469.73,110.79,478.23,444.02,195.49,125.76,570.19,140.84,514.82,521.24,102.17,486.05,530.45,430.41,529.87,118.50,258.49,489.16
EWN,405,406.92,431.83,516.35,437.24,533.91,360.89,251.48,554.01,559.58,480.11,469.37,282.26,545.91,277.73,538.76,588.88,261.31,587.85,355.16,289.18,500.15,496.06,433.52,388.32,398.74,595.59
FCA,220,218.81,483.8,539.4,458.51,440.33,448.66,504.60,509.79,576.83,443.10,95.64,474.72,196.16,545.49,333.56,752.33,548.13,200.62,576.57,603.60,198.23,76.88,95.42,484.86,688.49,188.06
BGM,560,559.83,451.97,501.01,379.93,290.83,244.91,483.68,574.41,571.42,488.33,581.32,350.16,204.53,560.13,457.82,554.33,272.52,578.56,333.09,507.14,412.26,518.24,81.91,549.90,250.27,566.35
ITH,535,535.96,418.15,456.05,280.03,421.6,572.66,413.35,224.21,504.52,594.48,188.15,204.48,504.87,198.53,352.81,168.01,506.52,536.10,306.16,509.99,528.33,98.15,493.22,134.54,108.47,127.44
TVC,450,451.15,542.62,454.66,536.08,574.47,228.41,429.75,511.69,485.94,185.83,393.56,182.16,597.93,506.02,207.28,500.58,667.30,136.91,111.24,479.76,506.35,467.93,347.83,455.75,539.80,521.61
LNK,425,423.98,471.55,238.3,569.76,491.79,218.77,395.62,553.23,436.00,449.19,464.84,256.12,509.55,437.20,515.53,495.27,516.74,534.00,556.55,575.63,488.21,173.99,100.80,500.14,502.78,476.60
PSE,430,429.77,260.59,483.71,538.51,574.65,474.05,328.55,404.17,558.91,487.51,488.81,459.09,570.55,193.61,120.42,565.73,441.23,488.33,196.00,198.49,271.28,87.99,312.62,231.08,545.28,416.86
EYW,585,586.83,381.58,462.2,436.47,435.19,430.77,358.92,478.16,448.23,552.21,238.17,704.61,501.14,574.12,567.05,448.45,570.35,515.21,74.53,561.63,642.76,571.35,192.74,497.78,501.67,607.86
AZO,260,259.08,587.92,282.71,230.78,442.58,414.54,577.78,435.15,223.23,498.84,365.23,279.03,478.73,409.63,294.23,500.19,534.04,592.73,519.48,261.21,101.15,520.26,77.30,194.18,537.32,565.56
ERI,505,506.66,407.28,272.7,264.55,493.98,258.17,230.90,248.41,677.90,591.20,433.54,191.51,283.04,577.24,725.63,213.69,581.51,591.58,460.78,426.96,574.79,249.67,677.56,539.51,318.96,508.28
LRD,410,409.1,431.43,441.5,500.53,598.59,563.82,401.59,271.88,387.86,285.26,291.79,349.92,486.85,292.06,518.22,496.62,698.44,498.17,256.78,462.15,537.77,542.86,536.58,443.45,548.94,482.85
GFK,390,392.45,467.29,464.89,419.18,478.61,610.87,430.74,146.14,221.28,404.16,574.96,428.22,657.48,555.52,593.40,515.19,534.94,388.67,545.03,522.76,610.25,601.48,383.89,523.09,538.08,538.36
MLU,460,457.49,496.9,371.44,519.82,410.53,522.75,475.23,305.29,504.67,275.50,388.62,225.06,368.57,201.45,242.96,256.65,554.66,299.33,387.54,556.27,556.30,375.07,363.66,536.19,676.48,498.37
STS,605,600,268.43,572.56,496.08,239.49,616.96,611.29,147.88,468.99,550.40,130.49,524.49,547.16,470.72,725.35,350.54,253.52,285.07,588.31,553.49,297.56,462.54,439.95,506.79,558.99,263.39
IFP,375,376.9,184.94,425.19,274.91,475.71,148.19,657.19,483.60,291.95,112.08,582.27,348.48,670.44,517.96,557.71,284.51,339.65,552.32,523.05,577.91,610.42,395.03,516.92,210.50,561.86,358.82
RFD,565,565.1,207.84,517.99,445.01,445.45,446.09,189.82,371.79,485.46,254.82,553.26,266.76,483.62,522.07,126.06,558.70,493.72,290.89,709.26,512.97,237.32,89.85,510.30,98.90,160.58,566.53
ASE,475,474.48,500.49,491.09,208.76,395.95,283.60,282.68,260.71,251.52,264.78,397.79,416.64,617.14,510.48,591.61,528.19,487.91,137.06,566.77,173.81,660.72,327.28,235.03,510.99,199.37,268.31
JAC,240,237.94,530.54,417.2,594.99,111.78,317.01,476.09,184.46,393.21,378.84,552.61,512.73,439.41,96.17,523.89,247.75,443.44,509.05,318.57,461.25,430.20,198.88,451.33,93.26,135.18,597.33
ABI,390,392.14,516,504.89,456.37,342.13,499.65,553.52,470.89,482.15,554.96,255.20,494.73,619.71,393.75,500.56,503.84,658.76,681.43,414.30,230.09,581.38,550.13,416.77,335.44,406.38,586.05
YUM,490,488.68,492.79,450.72,470.97,569.51,501.54,142.63,439.23,628.43,514.35,435.76,572.90,380.80,359.06,92.77,460.83,533.18,563.10,588.90,245.99,500.53,636.07,558.17,401.82,687.42,448.15
LSE,485,482.11,571.79,517.59,487.94,543.54,554.02,423.54,545.84,218.46,498.93,442.83,465.89,474.70,705.44,456.04,493.12,454.98,353.26,473.35,105.22,402.45,205.65,546.46,518.34,508.65,659.51
BKG,540,541.9,304.3,536.98,468.87,213.03,182.99,604.67,518.08,601.77,466.06,720.47,351.04,483.08,506.00,98.97,501.85,707.16,487.30,561.44,331.60,455.27,599.03,541.13,652.96,436.85,627.33
HLN,445,445.09,533.15,363.53,352.36,595.92,387.85,320.51,453.57,145.19,486.58,201.78,436.94,270.43,420.74,337.96,482.65,507.17,498.84,667.36,531.23,227.64,517.11,345.42,395.45,426.44,445.16
RST,450,448.68,472.7,137.66,476.22,524.3,578.34,496.67,560.38,513.19,477.99,425.43,448.99,412.59,292.10,465.73,541.86,556.77,499.06,454.66,443.53,537.75,437.95,522.78,501.83,258.72,624.92
LYH,530,531.68,489.29,481.11,526.75,478.27,524.43,388.52,442.35,526.05,705.67,435.68,528.86,253.64,525.05,484.45,223.07,278.69,473.82,505.81,649.49,529.99,454.52,520.58,517.41,213.29,490.39
CMI,445,446.83,487.85,290.76,554.87,522.89,575.96,559.64,353.64,598.24,548.20,485.23,488.63,467.52,427.58,528.06,554.63,169.36,542.95,74.89,405.54,416.08,564.80,81.17,82.88,549.10,561.81
CPR,235,235.67,412.24,368.3,510.68,397.01,381.69,495.19,489.51,395.51,444.60,124.72,661.07,546.57,461.63,507.03,444.09,122.47,529.15,83.17,439.17,249.67,482.02,419.64,447.78,433.91,467.76
FSM,250,250.84,497.98,555.28,378.43,376.66,544.14,545.80,203.26,382.42,484.94,737.45,213.81,234.49,498.00,525.94,509.35,402.02,141.05,459.71,667.40,475.65,424.56,480.49,448.66,473.16,427.72
TYR,360,360.34,494.8,467.31,429.62,299.48,527.25,466.71,452.31,139.75,521.15,498.02,468.25,440.20,448.36,431.28,113.27,462.14,638.37,494.15,472.68,297.27,475.58,463.55,422.55,337.15,506.83
SBY,395,394.66,378.09,191.14,334.44,519.07,423.93,529.45,538.65,449.31,461.61,297.35,531.11,108.82,582.65,497.19,505.49,540.77,544.56,370.34,561.09,486.29,82.70,224.81,230.72,549.67,110.46
CLD,500,501.98,295.7,473.32,458.2,661.13,584.01,585.64,387.04,553.90,566.43,550.40,401.09,478.85,473.07,484.15,282.47,495.17,447.37,474.97,480.53,557.99,500.26,451.65,474.44,539.81,553.17
FLO,470,467.85,385.34,487.76,486,296.03,448.02,520.21,392.98,395.70,475.22,494.23,482.30,324.97,484.91,461.52,457.51,297.77,472.35,462.80,561.64,438.84,232.62,468.79,482.94,516.18,552.96
STX,490,488.32,588.29,356.97,184.3,395.99,548.85,305.57,651.88,576.52,231.35,571.85,113.38,508.32,258.03,465.10,486.50,531.41,464.69,558.33,426.15,440.27,475.77,497.10,443.47,552.54,601.52
PGV,370,372.43,419.53,200.15,127.82,509.99,129.50,432.12,553.67,469.93,489.83,455.20,442.13,216.59,538.63,514.57,680.88,328.68,565.74,240.41,496.17,114.55,514.65,512.49,426.73,432.66,424.06
ACV,265,265.18,502.14,409.95,366.26,306.03,464.95,409.01,428.32,472.86,566.78,448.72,386.10,498.74,367.59,557.44,470.73,257.27,431.22,539.92,499.43,88.23,526.22,507.04,447.14,504.80,442.21
SPI,480,477.29,347.97,467.27,446.49,483.45,594.83,202.02,478.82,493.07,487.34,572.85,499.98,302.15,445.80,514.65,385.86,158.28,487.15,513.30,629.81,539.57,564.44,213.99,511.34,431.70,593.38
CLL,355,354.62,511.63,509.21,591.34,432.11,491.55,422.65,413.67,298.34,425.61,501.90,437.75,452.60,105.76,501.01,540.68,459.93,492.54,486.10,288.71,368.40,487.16,495.50,433.39,112.56,541.03
KTN,320,322.28,486.68,488.61,367.05,144.64,532.44,422.22,130.22,556.29,453.80,446.61,398.44,451.29,519.80,453.59,85.21,464.45,556.09,546.19,529.56,464.93,443.31,452.69,672.58,467.18,507.35
ACT,400,397.48,469.9,324.26,499.65,549.37,545.43,512.06,533.73,309.19,549.63,480.60,426.67,480.59,522.05,378.70,426.10,521.98,482.62,522.20,81.14,604.24,530.43,422.95,500.26,573.63,336.13
LAW,385,383.87,494.32,473.8,400.37,475.89,315.95,433.11,564.50,489.90,426.57,441.39,395.21,399.20,516.10,242.19,477.01,463.01,165.64,230.84,393.30,405.50,286.52,514.38,521.58,467.49,441.34
TOL,140,138.99,289.42,143.59,466.62,194.26,509.09,544.48,288.31,426.08,478.39,443.73,534.79,453.03,467.38,411.08,489.22,479.75,299.79,496.15,487.78,644.15,474.87,306.43,398.47,435.75,200.93
SCK,475,475.48,154.91,515.97,457.58,508.53,477.17,471.86,423.31,439.96,491.61,501.48,434.70,450.69,544.51,486.29,477.01,495.02,467.14,444.00,473.68,476.46,694.46,441.92,472.92,448.96,482.90
LCH,225,225.07,515.88,530.29,415.95,517.33,566.63,555.64,445.89,488.76,426.06,439.24,434.26,441.22,243.08,479.37,102.42,475.85,528.00,522.01,480.05,88.91,405.89,474.27,292.79,401.02,427.51
FNL,480,481.1,153.95,422.08,400.99,425.82,544.28,120.40,454.40,439.86,478.89,543.92,471.54,417.55,695.02,473.93,481.33,505.57,567.80,255.77,591.68,499.99,81.63,376.26,467.17,526.18,462.01
GUM,500,500.71,1706.68,486.74,280.78,479.36,463.17,533.68,484.16,398.21,524.55,446.61,505.95,413.61,504.71,223.85,447.44,475.64,474.01,537.50,89.24,401.31,544.69,249.27,375.10,311.27,309.23
LWS,1485,1485.13,459.29,477.39,421.41,301.66,316.65,482.22,675.41,501.02,707.27,479.92,325.58,270.89,82.63,457.24,460.76,460.11,326.62,547.83,368.67,610.75,494.63,81.28,82.10,433.48,550.66
BRO,495,493.43,509.3,542.56,452.59,500.29,564.99,1632.20,484.95,537.36,461.34,441.95,719.06,494.26,270.63,502.61,81.61,428.66,506.63,490.42,404.74,544.55,440.19,473.08,459.31,484.21,452.68
MHK,280,282.03,453.77,1674.65,525.81,370,500.80,513.27,413.52,427.83,99.60,95.95,429.08,455.38,485.63,517.94,452.39,506.33,473.68,203.41,488.32,460.79,609.98,492.68,387.82,419.12,364.58
FLG,430,432.9,456.79,268.89,156.14,529.33,1653.75,526.83,163.33,266.19,502.11,454.74,90.31,94.20,513.19,80.26,670.05,431.30,693.91,358.13,493.53,79.50,495.33,632.21,634.71,545.01,510.34
CSG,125,127.98,558.21,468.77,317.47,520.47,407.25,560.58,498.54,339.64,462.75,467.92,595.76,475.92,481.30,268.76,189.12,500.10,513.04,509.56,438.04,496.40,474.01,75.03,379.53,359.45,392.64
SJT,495,495.3,468.02,457.02,396.67,450.47,559.19,131.00,541.30,380.00,238.77,469.41,86.06,447.44,466.26,481.66,435.00,453.78,442.52,375.58,97.08,409.72,543.78,492.45,504.18,375.86,549.33
LBE,420,418.98,137.97,421.76,1497.67,500.45,451.61,469.31,548.79,473.96,480.44,239.10,470.23,455.80,472.58,614.41,422.61,489.16,435.91,92.61,495.52,553.73,633.55,484.15,472.71,517.29,526.05
YKM,480,482.99,425.03,579.79,351.69,161.38,140.60,295.36,376.46,492.11,460.90,626.35,511.44,422.75,79.22,81.96,507.94,467.88,481.74,485.05,518.04,476.47,500.26,448.40,419.46,624.76,744.59
BET,415,414.44,446.09,378.83,531.47,284.54,547.08,504.97,546.12,403.71,320.75,542.09,442.68,438.00,485.99,442.35,471.77,102.65,493.54,506.30,93.05,89.04,404.47,468.58,465.53,429.14,483.47
RDD,455,453.94,366.26,444.11,564.69,559.93,177.11,480.04,507.75,549.53,446.96,412.51,473.93,432.43,505.26,1429.80,451.36,397.81,434.73,448.33,382.30,446.78,72.34,532.95,638.83,486.74,447.15
SPS,225,226.05,435.23,436.79,335.85,330.18,420.27,547.60,644.61,493.25,646.40,448.44,426.62,413.05,451.83,514.05,642.27,361.87,509.58,472.86,590.57,363.40,464.18,535.08,445.00,505.63,444.98
EAT,580,580.65,406.01,319.26,154.56,474.75,200.08,426.35,386.97,448.29,442.72,481.40,413.19,85.05,471.60,483.14,403.09,435.65,381.31,524.40,446.04,529.94,379.80,479.63,554.99,370.07,399.22
SMX,345,345.79,397.03,395.13,258.7,363.05,535.21,511.98,352.94,545.46,82.96,299.33,464.95,85.46,228.38,460.08,423.60,417.82,484.08,444.71,621.61,372.15,379.68,419.40,344.48,442.81,380.50
MQT,445,446.99,480.93,474,362.56,392.07,304.84,482.75,478.66,594.28,399.22,311.97,392.03,441.55,634.84,449.94,393.66,464.19,449.23,488.90,432.92,509.93,384.52,629.71,419.43,431.59,568.00
VLD,110,111.46,534.48,377.9,359.09,1464.28,356.42,346.38,413.76,492.37,425.34,400.06,621.49,391.59,449.59,446.45,482.09,410.07,115.86,439.08,427.02,395.02,610.38,357.72,122.99,472.53,590.50
YNG,505,505.84,155.14,424.04,285.95,568.61,341.76,376.41,1650.19,512.21,520.49,1599.03,531.72,231.81,1592.90,424.91,494.29,481.85,414.56,356.72,386.74,427.36,1554.02,564.57,443.03,510.89,466.92
PGD,450,447.74,122.95,437.32,247.78,474.56,383.40,462.30,379.07,462.90,1643.22,374.32,428.14,131.18,520.71,449.54,443.14,478.16,413.41,406.33,384.14,508.62,506.89,454.68,491.87,654.82,569.81
SGU,510,511.65,163.62,269.52,122.23,347.12,309.19,420.91,441.86,152.86,531.35,472.91,372.53,456.46,456.72,492.41,502.94,151.03,671.12,523.61,357.24,514.07,430.25,389.40,502.99,534.30,515.87
COU,395,394.46,434.77,531.22,454.7,170.37,126.66,348.93,715.76,258.16,463.21,625.02,589.19,468.14,582.98,424.96,238.07,546.47,363.24,437.18,548.68,446.95,414.73,1567.14,467.63,349.33,630.22
GCC,360,362.26,358.88,130.36,308.64,393.9,479.69,349.83,414.50,478.56,356.30,502.53,281.35,489.57,455.64,477.63,463.17,437.39,509.80,548.35,483.23,479.67,466.96,394.17,410.95,553.32,1632.05
SIT,165,164.33,426.97,137.58,456.01,264.36,414.29,409.51,537.77,365.38,537.21,92.31,473.18,602.93,415.80,433.32,659.79,497.91,395.80,650.03,434.71,618.92,579.64,488.49,561.01,435.24,445.75
GRI,320,321.49,230.41,394.53,497.2,162.03,167.34,142.29,246.01,586.21,456.02,333.70,456.39,576.63,455.30,337.89,395.71,641.96,1547.76,453.91,537.59,451.62,662.15,113.23,434.49,555.71,127.02
HVN,370,368.93,389.32,510.04,397.62,182.18,367.85,407.14,444.53,362.01,576.84,461.94,349.12,482.56,427.66,506.97,473.36,459.33,595.35,407.24,445.94,588.34,362.30,447.65,423.73,230.31,374.47
DHN,140,137.03,680.24,309.97,579.81,593.01,451.46,258.29,474.02,391.44,444.73,614.26,476.66,447.80,464.52,529.36,1465.59,552.05,163.28,565.74,120.33,618.18,591.99,415.39,441.51,430.94,471.41
TWF,315,315.15,175.32,164.04,652.01,313.74,447.70,402.56,556.14,453.93,481.25,649.19,477.63,466.64,281.25,323.18,545.04,160.01,473.28,1502.24,578.90,489.42,105.62,326.70,532.59,406.34,588.94
CIC,440,439.5,310.29,348.36,405.9,561.64,572.14,178.81,586.62,563.27,392.86,604.69,568.78,549.06,680.53,477.10,404.30,477.12,614.37,490.16,497.87,333.26,497.80,430.40,576.74,434.09,514.31
ROW,405,403.63,475.39,667.87,165.74,275.87,681.60,711.08,664.45,470.82,737.34,417.67,588.73,389.92,496.15,653.93,464.14,380.48,366.98,354.89,371.31,500.91,556.88,348.36,560.27,129.48,559.53
JLN,165,166.44,372.62,552.58,551.88,409.77,482.54,627.73,350.76,682.97,603.99,456.97,591.72,489.10,183.01,417.78,107.23,222.91,547.11,606.34,691.61,420.81,117.87,476.68,526.07,511.19,560.58
DBQ,510,509.3,467.54,609.54,469.27,721.11,271.44,487.08,517.25,635.29,366.19,576.97,431.07,611.97,455.43,400.77,417.76,299.38,569.04,509.27,495.39,423.46,593.75,564.38,518.85,590.81,485.91
RKS,470,467.68,287.49,300.15,153.19,493.18,372.86,397.47,550.17,1599.17,413.44,629.86,421.88,546.30,343.53,475.36,596.04,1283.29,484.23,423.01,510.56,1609.30,526.20,374.90,431.97,598.86,512.31
CMX,285,285.55,347.2,686.9,551.84,453.68,517.45,195.61,501.12,351.18,527.86,435.70,541.05,111.95,389.03,248.78,579.32,454.57,558.73,94.39,464.82,721.69,567.52,421.46,541.93,488.81,742.54
HHH,745,745.34,495.23,425.57,654.87,458.49,516.95,552.38,550.91,536.36,535.99,592.10,1508.97,441.28,528.62,674.76,517.99,698.16,122.99,374.51,467.72,137.65,454.43,437.16,717.18,476.47,609.45
SCC,280,278.42,521.94,463.97,485.57,314.34,468.44,479.10,459.74,189.70,510.95,569.66,618.05,1448.30,482.01,621.59,375.35,585.23,340.85,589.38,560.47,591.73,485.49,619.56,613.12,562.50,139.80
ABY,470,471.64,593.7,344.23,476.82,426.35,300.64,553.06,513.38,560.37,1035.73,527.23,641.04,422.96,392.14,740.18,646.90,341.22,658.68,482.05,547.71,595.05,461.58,546.32,459.22,182.92,669.94
MOD,485,483.51,325.75,155.64,167.58,562.26,529.64,278.67,622.44,686.22,1007.88,521.28,353.40,450.93,410.61,616.19,537.99,492.51,576.85,698.71,507.21,513.13,571.98,693.34,460.56,418.54,620.52
EAU,335,336.33,307.82,487.98,462.9,504.15,577.15,342.16,521.49,523.89,548.99,423.88,360.25,332.20,354.73,253.55,668.53,311.37,769.91,586.75,630.09,540.32,1135.32,482.58,445.01,1606.10,428.02
PUW,310,310.83,321.28,112.23,249.96,511.74,186.69,662.57,498.14,506.12,635.26,368.29,96.91,382.16,426.73,362.15,499.08,633.44,431.01,638.64,428.32,497.92,576.85,452.70,627.93,442.46,528.28
IAG,340,339.62,143.17,590.32,155.6,378.1,390.92,399.14,546.99,550.16,541.87,616.69,485.89,382.36,633.60,372.43,442.69,408.42,613.23,405.33,470.20,82.35,501.12,517.40,1640.80,427.82,512.17
MTJ,300,302.75,555.11,478.6,356.33,122.15,608.20,542.89,153.34,445.75,535.63,517.22,499.02,446.16,478.25,465.66,470.36,140.88,286.81,672.40,1584.92,601.18,384.40,222.92,468.74,477.25,468.85
GTR,495,495.15,546.85,559.2,503.7,495.05,373.65,541.70,500.09,516.03,416.06,422.09,579.65,366.07,612.32,488.80,554.99,722.39,553.52,353.14,402.33,488.03,501.16,560.48,93.54,497.35,759.77
DUT,585,584.82,897.96,184.7,276.05,332.14,445.74,396.51,603.76,537.89,474.70,507.45,436.95,408.22,391.22,666.18,583.54,588.67,565.87,491.21,571.38,481.97,630.76,644.63,485.44,579.85,512.58
IPT,550,548.44,511.94,349.57,570.77,587.54,575.20,424.03,345.08,546.64,584.23,626.85,500.53,449.15,620.43,486.59,538.78,482.13,214.28,556.82,408.72,514.80,571.37,454.83,433.37,718.51,502.00
PAH,490,491.18,315.54,587.43,352.59,331.44,1044.60,569.57,352.15,573.45,481.61,336.22,524.28,349.01,342.89,550.86,403.80,528.82,480.98,495.12,540.21,502.98,285.34,666.54,529.36,485.52,544.34
ADQ,315,313.67,633.99,336.1,270.01,544.27,417.22,481.62,465.11,507.27,432.92,585.07,124.60,613.90,434.21,595.11,529.93,592.23,445.79,541.77,483.55,641.02,553.04,465.15,422.13,138.30,291.57
ALW,660,657.86,371.1,326.66,589.33,316.6,570.48,579.95,569.97,224.55,600.88,1040.37,506.73,585.92,545.74,414.67,420.89,484.79,538.69,583.60,653.39,475.47,524.14,598.00,496.94,643.62,515.18
COD,335,333.91,339.43,364.35,580.73,199.98,702.47,460.90,156.09,544.85,278.21,415.56,274.25,325.12,378.48,661.18,648.56,560.35,178.97,476.12,115.29,673.08,72.76,582.82,516.08,421.54,123.25
BQK,560,562.45,428.43,212.28,297.78,266.28,479.33,520.25,481.23,449.68,579.21,91.34,398.07,514.32,624.81,1080.71,496.78,665.28,471.79,468.51,471.91,470.02,481.41,584.05,516.49,536.79,417.71
TXK,180,179.63,602.29,304.64,140.63,568.55,632.04,978.65,426.83,396.13,547.73,568.00,513.98,429.05,512.12,480.46,150.52,552.17,655.67,556.56,596.17,483.35,512.31,469.97,110.58,429.71,117.08
LMT,420,421.41,316.53,284.54,550.9,605.57,374.35,293.29,391.56,619.07,464.18,455.70,516.30,317.05,608.22,590.79,479.52,495.43,506.56,667.18,555.97,592.17,472.77,555.38,545.98,440.73,1153.44
SUN,320,318.01,245.78,555.09,544.8,336.69,568.05,403.43,430.89,463.34,451.09,585.89,558.38,419.84,465.28,670.57,487.39,531.52,523.24,1059.33,617.77,577.59,442.40,1183.91,413.25,579.00,492.95
PUB,200,198.16,198,1050.47,550.37,206.62,590.47,117.90,355.67,544.13,554.55,500.34,449.09,612.27,106.67,546.52,627.26,640.67,602.60,592.82,129.60,593.85,490.89,450.07,439.13,463.16,477.43
SAF,1000,997.78,481.09,500.97,486.71,496.14,565.56,672.18,1011.87,533.71,445.06,499.87,438.14,185.99,483.80,590.28,581.27,613.80,438.28,510.90,433.82,549.21,521.43,418.06,435.72,529.12,456.16
OTH,560,560.9,309.47,500.11,951.11,708.19,256.28,526.20,570.96,457.34,623.90,426.47,1004.37,348.10,1111.64,496.58,615.63,457.36,455.95,423.17,513.79,561.36,583.19,421.39,497.27,448.42,476.68
PPG,165,164.4,1027.58,335.35,414.71,487.1,974.37,366.35,432.87,448.13,459.90,439.30,486.33,470.97,103.37,104.15,616.18,506.73,1031.45,74.70,510.98,477.98,527.68,73.94,448.99,429.11,473.77
BTM,545,545.58,578.03,471.44,441.78,584.53,597.73,544.76,478.40,302.90,514.42,633.62,386.48,607.10,439.47,698.58,106.03,602.15,1000.69,100.50,447.17,1098.66,496.84,536.88,474.06,484.25,510.47
HDN,380,381.65,483.46,546.79,255.3,585.43,367.23,473.94,447.54,992.31,618.29,534.39,125.50,464.76,505.15,539.27,519.63,208.29,536.87,519.23,425.11,430.93,419.16,421.12,597.24,132.12,555.55
OME,155,156.28,575.47,367.06,321.67,434.51,230.66,549.08,324.08,519.81,130.98,514.17,542.38,192.26,475.24,523.48,450.91,535.19,500.00,507.13,549.67,454.73,605.76,467.36,625.06,637.10,548.04
OTZ,925,924.75,559.11,610.4,478.02,573.58,200.88,578.10,185.21,491.09,495.83,441.67,475.46,95.40,421.88,666.00,631.48,511.90,156.41,530.56,568.43,509.07,968.20,552.95,541.81,591.43,975.22
GGG,535,536.05,433.98,437.43,256.69,153.77,492.97,507.94,503.95,340.06,596.10,576.07,450.59,227.33,602.51,487.05,466.55,545.55,594.00,743.92,448.07,486.82,127.18,378.69,431.27,368.91,579.86
BRW,415,414.34,585.14,387.54,532.14,351.05,640.34,373.56,517.39,439.53,536.75,717.14,455.33,242.95,235.37,513.76,568.61,610.83,521.13,471.66,433.86,204.20,567.98,627.95,116.61,573.67,583.76
EGE,570,572.2,651.06,565.1,214.92,987.04,490.34,352.15,572.19,919.43,656.02,970.37,602.78,543.56,485.06,461.45,467.79,1046.48,505.78,637.28,1025.02,398.45,478.27,620.21,91.03,434.66,440.67
SUX,300,301.6,511.51,211.79,411.55,207.02,492.24,668.75,1054.48,128.86,517.53,563.25,489.70,187.25,251.16,593.73,155.99,184.17,521.83,547.13,525.76,500.51,497.63,501.05,509.17,525.25,491.87
EKO,530,529.95,179.28,564.16,582.04,487.7,363.60,391.58,422.80,164.14,397.20,439.76,98.92,629.54,532.18,430.08,581.80,507.80,169.18,572.88,516.61,109.88,99.40,977.21,965.31,425.32,167.27
PIH,610,607.84,191.6,180.26,149.61,574.99,236.66,647.25,499.39,448.33,460.25,473.12,398.22,498.10,198.48,624.75,539.50,165.24,492.28,619.56,96.63,651.30,628.23,425.28,1172.47,526.20,602.45
BJI,635,636.93,559.6,276.26,204.72,462.53,200.60,436.95,438.80,581.68,606.45,518.66,356.12,621.32,507.94,512.87,445.68,410.97,588.81,497.73,584.10,511.39,566.62,410.04,451.21,1126.26,459.83
RHI,135,135.01,484.47,180.58,567.48,521.4,252.35,999.13,477.71,500.89,83.25,288.42,484.15,415.53,350.85,490.18,1085.77,487.09,540.82,462.16,640.88,457.84,453.04,233.82,100.54,609.16,445.76
CYS,225,225.14,447.76,426.17,376.29,502.87,492.92,468.38,576.52,490.88,602.81,106.05,1005.82,503.25,1016.50,460.27,110.60,481.16,548.88,403.38,155.91,143.67,489.81,598.69,550.02,608.71,598.18
CEC,390,391.57,314.17,520.8,535.91,612.79,251.73,542.44,447.49,490.33,84.96,565.25,498.47,115.38,540.40,603.15,478.99,484.98,539.66,613.99,119.85,499.35,489.94,156.41,423.06,215.69,587.89
OWB,500,500.42,156.98,962.5,464.7,427.33,134.76,357.32,115.03,130.58,249.43,421.28,378.91,554.52,347.28,1032.42,125.26,540.92,461.66,196.53,1079.71,427.41,466.82,427.80,405.62,547.17,554.56
ABR,495,496.6,578.55,288.4,956.79,971.71,566.59,625.39,246.96,474.63,426.34,590.83,466.40,463.37,658.41,739.95,563.88,514.46,642.37,433.81,434.63,563.03,292.77,521.50,85.27,462.36,158.70
CIU,510,509.12,596.81,561.64,339.06,179.28,470.55,630.28,399.52,660.54,549.85,120.87,443.27,87.56,171.83,166.01,482.30,583.83,572.30,987.97,388.82,382.25,437.13,740.74,459.92,498.02,441.56
PQI,590,558.4,684.67,533.12,534.5,461.32,395.63,229.10,510.90,133.41,525.28,530.82,84.80,368.25,107.15,446.84,1109.75,548.51,462.64,138.78,432.11,969.36,366.32,625.68,468.17,153.84,500.42
MKG,450,450.91,272.61,599.22,555.58,427.37,226.69,518.03,135.53,560.92,616.03,426.39,103.24,439.70,101.54,620.03,78.23,579.60,470.35,113.82,435.72,493.56,536.43,455.41,465.07,129.52,446.58
PIB,620,619.55,540.96,461.32,543.54,676.98,486.94,208.07,576.80,577.46,87.39,557.34,502.96,906.90,459.81,661.10,451.70,636.14,557.48,462.24,514.07,464.81,567.52,540.80,435.92,117.01,153.71
MEI,600,599.07,544.15,419.92,466.53,476.89,661.29,613.14,470.99,394.79,85.75,498.61,453.02,314.27,536.37,652.79,503.52,564.04,636.30,533.09,84.45,669.92,557.17,400.12,568.21,424.21,555.87
ALO,465,464.94,593.21,474.36,610.83,636.71,458.12,415.35,99.03,429.60,94.66,573.03,137.53,187.32,474.27,211.37,617.76,620.97,155.33,150.68,541.03,726.26,527.39,567.05,582.49,405.88,518.34
BRD,265,263.09,503.96,563.44,493.7,562.12,697.34,474.76,505.72,563.94,397.56,406.61,449.24,500.78,227.03,576.46,586.07,975.70,594.04,643.74,625.53,529.17,621.67,374.71,764.99,392.59,752.62
PLN,625,626.49,566.46,605.79,570.79,435.8,572.74,230.56,172.66,476.41,566.05,611.63,247.59,442.72,290.99,498.22,568.56,522.24,393.02,520.33,494.29,569.51,591.73,487.71,480.54,448.78,425.55
BPT,165,163.27,663.38,540.24,429.41,310.74,539.93,530.02,452.19,762.26,572.46,529.27,318.52,427.63,237.63,682.46,733.44,480.49,292.04,556.69,566.41,475.19,583.84,497.22,394.77,545.24,542.00
ISN,495,494.5,622.79,364.19,457.67,431.08,499.82,415.99,433.15,543.14,176.76,105.71,479.95,196.40,354.30,601.64,477.05,547.85,563.69,638.62,573.76,594.22,82.89,425.66,124.21,952.00,406.84
SHD,640,642.81,491.65,634.25,479.07,655.97,658.73,825.09,580.08,536.91,423.55,755.94,409.68,521.13,368.32,768.40,349.88,565.39,424.85,608.36,504.02,569.65,547.48,642.36,561.06,458.50,506.35
ACK,570,569.7,326.07,516.12,497.24,445.22,334.76,244.47,187.24,648.52,626.90,393.10,419.24,190.55,498.39,490.01,649.22,104.82,523.86,415.52,519.78,470.37,468.26,93.87,469.06,511.44,645.33
ESC,630,627.01,421.68,689.66,499.02,491.64,202.86,253.28,122.11,126.20,597.54,190.11,503.94,519.38,583.52,615.93,419.86,442.06,356.94,401.69,342.59,438.93,409.67,389.22,391.99,680.01,777.89
MMH,480,478.27,181.59,375.78,522.23,550.33,469.39,433.44,728.10,96.03,619.82,593.72,167.14,84.65,646.31,607.79,564.26,734.49,753.75,418.67,474.21,90.04,791.95,563.11,688.02,526.73,449.89
MCW,480,478.49,463.25,495.01,594.49,471.62,713.66,507.52,827.65,561.36,590.17,86.19,572.16,972.41,641.13,493.44,563.88,468.20,112.38,748.38,752.55,590.66,474.82,477.87,531.71,448.71,342.20
PSG,510,508.03,461.17,652.42,265.6,658.69,583.19,175.22,234.73,455.50,441.38,465.85,369.28,378.73,402.67,472.52,442.18,401.29,721.15,566.97,383.71,536.33,741.21,598.63,574.87,772.39,140.37
APN,430,428.65,471.54,653.36,620.34,533.31,619.24,564.59,200.38,798.53,71.32,549.35,595.98,625.87,224.08,234.07,608.54,143.76,431.98,488.79,449.65,366.05,611.81,457.59,349.64,467.87,305.53
FOD,550,546.33,445.52,537.14,279.43,597.49,582.38,530.57,414.15,714.37,480.14,636.53,620.00,562.78,541.54,79.37,462.28,497.15,155.72,516.53,563.01,406.88,524.67,116.29,389.27,442.35,406.27
IYK,550,552.37,1223.45,450.59,585.24,673.29,580.06,141.32,653.18,452.38,743.63,347.11,580.83,370.34,597.04,424.45,178.37,439.12,581.23,604.34,438.41,725.10,338.58,301.06,601.59,534.96,111.16
MGW,1085,1082.72,510.55,564.2,445.05,513.49,670.05,434.51,218.56,407.18,600.02,115.89,362.62,491.44,203.10,575.51,446.36,655.65,406.57,367.10,630.78,421.74,80.42,481.19,356.35,468.77,573.55
LWB,575,574.29,382.27,573.44,372.93,310.84,237.38,738.50,634.02,622.49,550.92,553.42,260.56,163.23,513.04,126.72,613.73,338.05,447.99,84.68,482.20,609.46,416.38,109.32,380.81,311.24,529.48
PIR,490,491.78,524.11,435.85,483.46,585.21,153.12,353.84,127.07,620.99,575.96,538.04,815.74,203.07,282.93,629.34,484.52,604.18,727.90,613.32,195.30,392.95,382.95,416.39,532.15,651.15,717.79
HIB,460,460.85,499.56,472.92,542.93,545.59,515.86,1168.41,501.83,138.88,525.23,644.13,253.42,351.14,78.37,454.37,578.14,582.15,392.39,116.44,404.60,515.81,750.52,733.90,432.84,637.76,482.93
IPL,515,516.42,277.05,522.6,411.22,424.59,608.22,614.17,517.44,650.66,584.42,1105.65,257.33,411.86,532.06,102.29,461.41,451.46,485.74,388.08,344.26,479.25,195.62,482.85,198.42,659.61,434.36
TUP,290,292.96,594.86,1158.47,381.34,528.19,1269.42,580.50,1045.87,617.20,977.96,576.65,512.21,562.28,287.94,442.94,465.89,506.89,640.75,625.46,493.22,566.93,393.75,80.07,389.88,399.48,488.58
IMT,570,570.05,450.72,407.99,116.83,118.38,455.47,932.18,216.13,536.74,519.00,527.35,1078.93,140.18,194.08,111.89,214.35,575.16,566.71,471.97,750.07,237.06,480.68,586.07,82.82,527.39,500.38
RIW,454,454.22,615.04,165.91,406.23,618.68,1131.19,204.30,431.13,509.37,565.85,95.82,499.48,435.17,172.26,706.70,431.48,506.76,190.56,641.07,694.23,418.58,620.78,625.47,438.90,460.69,708.04
CDV,454,453.95,420.08,409.48,585.08,657.8,530.37,130.69,655.45,589.59,561.02,494.47,434.29,189.70,407.55,493.09,575.93,700.75,488.45,490.81,556.79,665.65,233.57,648.91,643.33,215.39,442.55
DIK,385,385.12,586.9,490.01,485.5,562.75,180.63,611.26,127.59,661.75,602.97,509.58,555.60,200.38,439.76,658.05,490.09,460.41,519.81,1052.35,434.44,693.25,1361.25,352.87,463.07,477.74,198.64
WRG,290,289.81,429.21,592.92,565.37,592.32,763.10,529.55,226.21,522.63,619.23,80.83,643.74,796.35,440.76,181.33,786.79,556.39,636.55,657.17,1093.74,461.17,700.57,455.27,235.05,438.37,434.82
JST,765,765.35,491.54,486.59,442.39,604.38,666.29,606.29,213.07,1274.51,79.64,649.37,576.91,638.17,755.57,492.72,423.09,460.96,532.90,210.55,449.39,410.34,555.41,211.86,713.05,412.70,673.68
BHB,565,567.04,502.6,673.64,332.62,382.2,617.88,510.71,590.61,464.72,625.58,992.45,620.97,416.63,363.54,649.47,444.44,699.58,692.80,571.86,417.65,1093.96,497.18,394.92,474.41,665.78,486.59
ATY,760,762.13,591.06,709.34,516.4,521.54,462.23,724.65,590.96,544.29,623.52,646.24,547.41,408.99,531.68,481.82,583.62,681.63,417.08,504.15,239.67,460.41,487.63,497.34,102.36,595.43,319.04
GUC,535,537.26,516.89,243.2,756.47,546.84,456.33,499.09,680.47,593.60,653.12,706.75,395.02,130.75,194.96,472.87,330.43,536.01,734.44,384.07,553.59,416.39,695.18,624.55,447.33,1224.83,612.98
CDC,595,594.71,159.84,575.4,557.79,754.04,560.17,687.36,398.13,234.17,614.13,578.92,550.50,345.93,211.90,365.12,579.81,226.36,271.82,473.90,399.90,649.36,464.52,455.27,569.83,464.08,645.45
DUJ,480,447.3,495.36,337.29,493.66,1364.15,629.81,601.01,406.26,490.24,762.00,344.61,612.92,566.23,156.32,614.43,469.74,471.57,361.06,643.83,837.39,419.78,183.93,639.98,395.18,446.96,243.82
MVY,580,580.91,311.63,155.86,338.2,440.22,567.31,611.62,589.39,521.74,356.62,692.47,209.19,607.57,219.73,582.03,592.01,519.52,1412.56,772.89,455.86,385.94,676.34,403.32,363.12,672.20,991.24
DRT,465,464.35,572.07,549.69,545.76,437.54,501.42,573.91,521.25,374.81,482.76,650.76,608.36,463.56,537.51,616.46,386.68,436.55,494.46,469.88,465.34,419.38,355.26,482.57,506.22,314.39,506.71
EAR,510,624,510.03,136.28,541.97,552.23,567.38,552.43,623.80,684.25,1725.78,605.24,289.60,351.86,1056.61,439.03,707.90,515.80,591.53,360.88,412.46,530.02,684.26,565.45,408.43,521.31,436.45
INL,500,584.58,499.49,1271.67,634.31,588.73,632.71,465.25,635.04,208.75,658.91,667.91,288.99,600.96,715.11,491.52,585.55,447.26,599.48,707.25,639.81,525.30,450.23,242.69,719.29,695.92,311.20
SHR,560,448.53,557.6,586.11,511.99,525.73,573.86,758.48,694.75,425.00,415.05,672.26,510.37,613.68,708.76,390.56,1045.67,862.68,453.16,650.01,476.78,355.32,503.45,409.31,408.10,380.69,348.42
GLH,485,595.72,484.28,514.74,489.52,559.71,604.44,697.16,412.80,460.06,711.98,568.01,554.51,633.81,519.22,433.27,384.29,674.06,550.68,206.28,565.35,543.08,304.43,1360.54,431.00,350.39,592.14
ENA,565,565.95,680.23,350.31,617.71,595.31,372.45,754.21,566.92,516.69,566.52,431.16,458.38,555.45,476.00,662.33,481.78,761.10,695.60,548.09,597.17,435.77,379.07,219.70,404.65,338.23,459.38
PKB,640,642.72,511.83,573.18,559.03,624.26,627.75,163.37,348.45,553.71,436.33,624.98,394.71,489.88,613.65,381.65,224.35,354.98,579.53,403.03,465.93,477.66,471.70,512.82,437.82,367.73,589.61
FMN,515,516.89,510.45,612.3,350.54,564.36,659.74,446.40,596.50,867.65,387.80,619.67,466.92,640.20,283.45,631.32,790.71,542.28,533.48,172.01,413.81,196.97,671.67,522.72,364.57,445.15,512.99
MSL,365,363.42,379.21,589.72,587.27,499.9,521.62,353.06,590.19,538.44,939.48,616.17,178.98,529.07,645.19,644.14,437.92,683.86,240.45,545.67,444.67,495.46,517.87,644.46,1832.06,444.19,456.08
VCT,600,598.46,631.31,499.1,451.28,505.34,308.41,704.20,557.98,453.23,680.65,205.15,525.83,404.12,266.11,531.60,403.46,480.10,515.49,407.40,569.49,594.32,491.67,594.52,515.46,630.40,554.79
CKB,525,526.45,505.11,572.34,555.78,528.57,636.56,229.16,536.29,637.19,552.02,489.90,254.79,484.23,553.74,577.70,451.25,477.69,385.07,488.10,505.40,482.76,482.43,533.31,833.31,372.79,196.39
SPN,515,513.28,1306.92,521.14,585.39,582.57,576.92,346.42,424.17,683.71,480.09,575.68,365.00,416.35,508.96,417.77,576.36,600.17,597.58,516.25,870.53,490.97,486.21,384.05,399.23,369.59,382.00
TBN,155,155.06,465.71,199.02,538.3,625.55,579.93,631.54,756.73,599.00,278.48,554.62,609.96,544.42,483.91,453.01,778.50,539.10,616.17,498.44,420.31,738.22,374.53,606.91,518.51,469.13,491.52
LBF,590,588.28,515,396.73,402.29,593.02,512.08,496.80,450.70,591.85,495.12,359.61,442.25,393.17,585.70,639.22,635.44,509.93,482.83,520.47,400.95,545.84,686.00,482.62,681.76,473.39,437.41
GCK,620,621.08,524.29,667.15,505.89,393.14,484.08,678.40,480.05,575.97,354.36,480.18,586.66,612.94,697.23,216.83,394.13,535.23,519.82,545.11,291.00,475.26,588.69,387.33,427.78,462.19,506.63
DVL,490,490.88,582.97,638.83,515.57,532.14,567.58,620.11,150.02,643.82,430.00,526.96,132.41,482.78,576.94,765.73,566.29,685.95,453.90,425.67,656.64,498.45,485.28,367.65,946.92,525.89,671.67
AOO,530,532.18,426.29,478.23,545.45,491.13,580.21,388.70,529.46,489.03,451.61,515.26,507.56,588.00,654.54,235.88,464.05,449.94,610.70,395.70,640.42,936.17,419.65,401.91,498.06,385.43,380.96
YAK,585,586.38,359.16,584.75,450.05,521.93,637.45,535.89,414.16,446.28,896.90,443.10,437.13,567.26,559.90,662.69,487.37,467.77,641.41,466.12,383.47,434.30,450.82,568.55,580.45,506.39,594.72
JMS,550,549.16,600.91,417.16,442.25,550.2,738.62,210.15,503.43,494.37,537.00,568.82,525.15,743.02,339.82,578.67,511.93,529.73,591.95,553.54,551.84,723.42,575.94,477.80,717.27,417.03,332.20
UIN,745,746.36,488.76,608.53,489.19,612.65,490.98,693.83,513.88,1916.46,720.41,618.15,650.15,369.76,460.32,419.96,978.36,525.33,569.11,455.38,559.19,515.28,352.71,286.26,754.11,480.59,893.55
BFF,490,489.3,525.71,594.89,441.97,650.79,573.60,387.21,432.50,568.52,624.86,604.15,809.80,445.59,672.41,485.19,711.36,394.76,527.97,618.40,581.07,532.35,938.65,549.73,591.30,650.10,576.88
LAR,510,508.37,524.92,560.6,535.66,587.82,673.27,648.54,427.04,596.13,530.46,455.23,969.31,545.64,167.76,612.96,567.13,738.85,930.83,631.79,510.72,398.52,246.72,576.74,365.12,477.33,448.31
HYS,480,481.35,585.75,672.03,532.75,378.26,633.12,774.63,187.82,223.60,460.22,635.66,186.66,571.37,371.33,528.10,531.47,401.69,575.00,310.64,454.76,1000.76,512.82,443.91,546.92,365.12,395.03
AKN,465,463.21,763.41,496.9,583.88,569.09,598.16,592.48,923.20,498.23,629.94,575.78,364.07,664.94,504.00,402.79,521.06,500.46,735.11,645.61,892.90,763.57,586.82,552.19,606.73,627.73,537.30
MWA,460,461.43,461.25,523.2,456.91,871.67,667.24,636.85,394.29,749.29,688.53,459.31,380.46,425.41,433.80,461.46,507.85,416.92,632.89,762.37,449.48,593.25,504.96,388.03,400.62,439.71,870.00
DLG,575,574.49,698.82,632.11,852.84,679.9,692.16,532.33,1794.00,502.68,563.28,504.89,628.95,685.36,937.33,507.84,918.84,930.72,619.41,625.55,650.92,435.63,231.52,506.00,542.90,538.41,516.45
JHW,580,581.69,448.65,568.9,584.95,540.34,562.49,565.54,577.74,464.19,166.68,674.68,630.25,456.09,410.15,753.05,436.97,664.76,518.00,544.52,677.24,396.42,566.58,669.25,345.95,478.14,159.07
CGI,550,547.57,494.7,425.48,564.79,605,602.94,419.18,415.73,484.11,528.07,562.27,581.92,485.78,441.59,668.21,621.39,977.44,350.84,430.81,435.91,488.94,515.39,640.04,693.10,837.30,344.83
LBL,610,607.88,536.4,451.6,832.82,400.19,746.08,666.73,629.78,404.65,523.72,494.65,158.22,704.06,533.81,477.33,867.15,636.88,477.78,469.00,793.09,536.50,423.27,497.20,301.10,516.58,348.39
AUG,245,245.55,461.81,449.27,568.89,564.85,700.95,579.85,430.83,999.28,458.55,672.17,381.54,584.23,795.49,950.73,611.74,346.43,363.03,1048.91,623.36,452.94,442.18,531.67,487.15,414.00,441.67
ALS,385,383.71,603.88,451.53,429.71,658.89,615.12,420.03,569.33,873.32,448.79,588.85,547.03,831.43,505.83,492.63,513.41,547.57,547.47,111.27,460.95,428.20,565.24,668.33,433.67,358.39,491.31
HOM,690,687.17,668.71,665.82,538.14,507.46,429.88,433.41,513.97,706.71,501.41,527.09,740.25,655.65,890.15,574.13,760.92,578.83,605.76,531.71,421.40,603.21,618.85,470.54,523.72,420.06,646.04
VDZ,440,440.36,708.36,243.74,882.32,640.27,554.97,595.63,628.69,495.33,480.35,364.85,600.28,496.58,203.97,642.35,593.04,544.82,504.45,785.40,976.53,614.79,639.74,884.04,466.38,765.06,464.52
SDP,565,563.67,909.8,496.38,502.92,441.78,882.41,621.32,596.33,420.92,549.28,420.19,433.06,556.76,438.89,428.86,444.28,688.05,533.59,571.11,566.28,960.14,731.11,379.05,577.06,487.06,378.41
LEB,520,520.85,479.45,484.95,504.92,379.57,576.31,530.36,547.52,644.38,565.76,875.06,470.67,497.68,479.94,439.03,658.52,950.95,488.40,409.44,418.50,390.83,437.21,652.86,594.44,987.81,491.55
IRK,640,642.31,341.22,547.51,632.49,610.65,992.23,399.14,551.61,641.71,533.83,266.90,535.28,420.80,442.11,486.57,506.29,499.90,562.48,948.28,773.79,590.67,403.83,419.33,859.33,917.58,497.05
BFD,385,386.12,562.06,637.55,482.83,557.9,568.15,549.50,165.67,282.91,185.50,402.03,592.93,516.83,563.56,432.77,480.87,622.10,583.05,693.12,439.14,192.17,533.11,577.48,608.07,443.67,493.00
WYS,540,538.04,225.03,712.66,469.56,467.7,383.75,565.27,409.48,613.78,583.46,439.93,469.04,563.17,586.88,479.68,594.52,502.72,643.25,419.13,482.64,546.36,400.06,502.55,504.64,408.75,658.65
CDB,665,665.38,815.41,612.18,336.35,842.55,540.58,591.56,459.35,197.95,987.78,616.13,877.46,430.50,513.38,635.63,614.67,535.67,494.17,600.38,187.08,406.73,465.13,496.74,398.21,434.90,425.65
PVU,1085,1086.58,238.16,673.78,546.5,496.74,1056.94,579.48,594.75,550.14,253.23,139.10,482.96,976.05,532.27,623.38,701.10,580.88,573.67,626.33,486.46,338.70,460.07,596.68,402.71,450.67,438.50
TEX,965,965.21,571.77,443.23,359.11,598.44,636.00,551.43,630.44,426.40,451.95,754.79,461.00,435.15,466.20,488.28,503.24,506.47,193.59,335.86,496.08,1196.30,315.07,128.78,846.92,918.78,510.13
LNS,555,555.74,418.5,478.14,752.92,371.67,824.62,495.10,822.89,466.00,488.81,460.44,489.15,448.26,700.30,535.14,618.00,366.31,529.50,541.86,475.00,798.00,333.07,461.47,836.25,445.88,984.43
BKW,550,550.52,444.7,537.75,1378.69,564.06,482.85,438.96,527.48,585.05,471.52,976.93,907.00,275.11,442.21,609.11,408.00,765.50,522.19,489.08,416.17,510.71,118.00,390.00,524.50,453.00,746.71
HGR,485,484.5,460.55,423.04,419,336,632.44,614.35,490.16,204.79,580.85,500.22,512.07,389.94,592.03,512.46,339.53,159.29,175.00,622.38,162.00,589.29,897.40,1041.73,430.33,914.13,457.18
VEL,440,441.37,549.14,471.12,367.83,567.94,220.50,595.88,567.00,689.67,469.65,700.69,808.73,409.89,473.83,986.88,559.85,548.25,755.63,367.85,1048.38,429.83,595.50,436.71,535.14,350.38,489.73
CEZ,405,403.88,495.32,389.08,466.75,720.47,577.43,662.50,471.13,474.56,548.80,672.58,197.80,484.88,687.52,439.33,596.00,900.42,1095.53,603.50,593.71,486.50,163.00,637.50,620.00,986.17,333.57
RUT,560,560.53,554.18,564.57,535.05,674.73,480.30,729.35,602.32,407.28,407.45,548.08,451.38,177.41,694.19,1213.79,659.58,706.50,518.21,676.27,1223.50,542.60,527.71,636.58,560.00,168.17,610.43
ART,465,463.29,588.63,457.83,478.45,478.07,421.32,583.91,433.71,470.83,617.58,636.08,862.13,514.71,330.16,567.21,597.10,415.58,611.50,436.25,592.67,347.20,457.80,559.60,438.83,541.80,317.43
DDC,400,399.88,477.59,535.78,423.16,806.27,978.00,985.38,530.57,170.24,397.89,658.35,588.50,420.65,660.75,477.22,426.90,424.18,550.17,780.29,481.17,823.25,655.00,367.25,954.40,584.25,537.67
AIA,710,708.73,578.52,572.14,1090.68,428.07,465.10,512.35,492.81,502.41,704.89,391.68,540.87,382.35,548.91,515.67,587.11,548.50,586.22,824.50,450.17,341.33,785.00,417.43,289.75,506.50,417.50
TVF,395,394.6,529.38,974.9,561.37,540.64,535.00,555.65,649.67,589.25,610.78,494.73,305.83,710.13,452.83,660.24,650.11,604.80,520.88,819.40,887.40,911.00,876.25,290.83,756.75,433.33,652.75
MSS,250,248,420.82,480.5,496,509.64,570.26,644.20,484.05,486.56,492.00,505.95,551.57,568.63,524.96,415.19,436.56,860.30,632.50,1035.25,589.25,558.00,383.00,478.50,499.67,349.67,291.75
WRL,630,632.75,598,740.47,532.94,639.92,636.06,357.58,622.89,693.20,573.65,135.00,454.82,903.56,567.65,780.15,710.56,833.40,735.88,1006.50,885.50,483.00,489.67,577.17,626.50,288.00,500.25
CDR,460,457.92,491.26,477.11,816.88,678.33,497.35,610.32,983.37,487.93,612.82,469.42,536.67,1018.56,578.64,411.85,941.11,659.44,491.88,379.50,459.00,443.50,396.00,907.33,1946.50,532.00,262.00
SOW,630,627.55,467.06,500.84,366.12,347.83,534.82,687.16,884.28,468.50,228.38,597.61,586.90,209.00,690.43,520.32,548.88,509.38,633.57,502.50,438.67,310.50,584.50,402.20,1100.00,449.00,574.00
